<?xml version = '1.0' encoding = 'UTF-8'?>
<Diagram class="oracle.dbtools.crest.swingui.logical.DPVLogical" name="Logical" id="99DAD2CF-3A93-8C33-EE2E-96017D78D23C">
<createdBy>A02_Group032</createdBy>
<modifiedBy>A02_Group032</modifiedBy>
<createdTime>2023-09-06 09:26:03 UTC</createdTime>
<autoRoute>false</autoRoute>
<boxInbox>true</boxInbox>
<showLegend>true</showLegend>
<showLabels>true</showLabels>
<showRelAttributes>false</showRelAttributes>
<gridEnabled>false</gridEnabled>
<showGrid>false</showGrid>
<diagramColor>-1</diagramColor>
<legendPosX>25</legendPosX>
<legendPosY>8</legendPosY>
<display>false</display>
<notation>2</notation>
<showAllDetails>false</showAllDetails>
<showElements>true</showElements>
<objectViews>
<OView class="oracle.dbtools.crest.swingui.logical.TVEntity" oid="20378F1C-7E7C-69C0-3B1E-B9A63DF02DCF" otype="Entity" vid="0FFBCC59-7168-8FB8-2ACD-9EC00DD186EA">
<hideElementsInCurrentOnly>false</hideElementsInCurrentOnly>
<bounds x="1122" y="338" width="155" height="90"/>
</OView>
<OView class="oracle.dbtools.crest.swingui.logical.TVEntity" oid="46584662-3862-326D-A730-CF171FEFDD8D" otype="Entity" vid="B4341D62-F120-828D-B2A7-5285FFEBBC31">
<hideElementsInCurrentOnly>false</hideElementsInCurrentOnly>
<bounds x="463" y="304" width="166" height="129"/>
</OView>
<OView class="oracle.dbtools.crest.swingui.logical.TVEntity" oid="48C58B7B-06FB-3172-B6B9-4DE6DD375D4A" otype="Entity" vid="E88BCCA4-5863-9660-9ADC-E90C4BF3F060">
<hideElementsInCurrentOnly>false</hideElementsInCurrentOnly>
<bounds x="768" y="295" width="158" height="168"/>
</OView>
<OView class="oracle.dbtools.crest.swingui.logical.TVEntity" oid="69ADDA9C-4C1F-7851-277D-57DD88FAB779" otype="Entity" vid="67681DCA-862A-1CB0-6347-F42B1C8C1F22">
<hideElementsInCurrentOnly>false</hideElementsInCurrentOnly>
<bounds x="759" y="98" width="159" height="90"/>
</OView>
<OView class="oracle.dbtools.crest.swingui.logical.TVEntity" oid="8C78B0BD-0A01-7B6D-6869-DBACD5F58EFC" otype="Entity" vid="5DC07485-BDA8-06A5-7643-BDD2E7FAD63C">
<hideElementsInCurrentOnly>false</hideElementsInCurrentOnly>
<bounds x="1101" y="31" width="151" height="116"/>
</OView>
<OView class="oracle.dbtools.crest.swingui.logical.TVEntity" oid="987B3705-5D0C-E8AC-7248-BFA2959C5D7D" otype="Entity" vid="191A6949-D90F-318A-FBDA-CC85095196B2">
<hideElementsInCurrentOnly>false</hideElementsInCurrentOnly>
<bounds x="470" y="200" width="154" height="77"/>
</OView>
<OView class="oracle.dbtools.crest.swingui.logical.TVEntity" oid="A91F1B3D-0B97-ADD4-D44F-3916ACE98D77" otype="Entity" vid="8078227C-A69B-FB29-878B-356727C0B9DD">
<hideElementsInCurrentOnly>false</hideElementsInCurrentOnly>
<bounds x="469" y="633" width="113" height="51"/>
</OView>
<OView class="oracle.dbtools.crest.swingui.TVLegend" oid="AF52E5D8-96A6-5F20-6799-FEDE8E86EB64" otype="Legend" vid="75D515A0-DBD0-C205-13EB-4A61BAB216F7">
<hideElementsInCurrentOnly>false</hideElementsInCurrentOnly>
<bounds x="25" y="8" width="226" height="128"/>
</OView>
<OView class="oracle.dbtools.crest.swingui.logical.TVEntity" oid="B154737A-7F5B-1E97-E074-6E41E356763D" otype="Entity" vid="BAB3BD8A-1200-A1F8-BDBD-69E8AAF99887">
<hideElementsInCurrentOnly>false</hideElementsInCurrentOnly>
<bounds x="467" y="27" width="134" height="103"/>
</OView>
<OView class="oracle.dbtools.crest.swingui.logical.TVEntity" oid="C7825A8C-E8BD-D991-4FCB-DA6B2B099BFB" otype="Entity" vid="267928D8-2E8B-7AA5-A8B2-4B232605C348">
<hideElementsInCurrentOnly>false</hideElementsInCurrentOnly>
<bounds x="1123" y="602" width="139" height="77"/>
</OView>
<OView class="oracle.dbtools.crest.swingui.logical.TVEntity" oid="D251D8DB-A943-06D1-0D43-B0E222BA3F30" otype="Entity" vid="F9900B3E-B211-3956-0078-7D3C08AB3B73">
<hideElementsInCurrentOnly>false</hideElementsInCurrentOnly>
<bounds x="466" y="515" width="156" height="77"/>
</OView>
<OView class="oracle.dbtools.crest.swingui.logical.TVEntity" oid="D6449112-B3B4-9E23-76A1-C096EB609547" otype="Entity" vid="93C345F1-406A-0D89-F78F-96F632D9715D">
<hideElementsInCurrentOnly>false</hideElementsInCurrentOnly>
<bounds x="774" y="592" width="129" height="103"/>
</OView>
<OView class="oracle.dbtools.crest.swingui.logical.TVEntity" oid="D71349C8-CD09-68D9-5E58-EA03A3DCA49D" otype="Entity" vid="7049953A-A7F1-7872-C703-55F412193CF5">
<hideElementsInCurrentOnly>false</hideElementsInCurrentOnly>
<bounds x="1116" y="493" width="168" height="64"/>
</OView>
<OView class="oracle.dbtools.crest.swingui.logical.TVEntity" oid="DB86F596-27E4-F597-0150-5C9FC6640380" otype="Entity" vid="A3D09253-D278-E7C1-8ADD-8DB9AA1D8941">
<hideElementsInCurrentOnly>false</hideElementsInCurrentOnly>
<bounds x="1140" y="257" width="118" height="51"/>
</OView>
</objectViews>
<connectors>
<Connector class="oracle.dbtools.crest.swingui.logical.TVRelation" oid="04D80A70-BB10-213D-EBA3-A1D4491BE5D1" otype="Relation" vid_source="5DC07485-BDA8-06A5-7643-BDD2E7FAD63C" vid_target="E88BCCA4-5863-9660-9ADC-E90C4BF3F060">
<hideElementsInCurrentOnly>false</hideElementsInCurrentOnly>
<backgroundColor>-16777216</backgroundColor>
<lineWidth>1</lineWidth>
<sourceLabel class="oracle.dbtools.crest.model.design.Label">
<site>0</site>
<labelBounds x="1111" y="183" width="49" height="30"/>
<noBackgroundColor>true</noBackgroundColor>
<noForegroundColor>true</noForegroundColor>
</sourceLabel>
<targetLabel class="oracle.dbtools.crest.model.design.Label">
<site>2</site>
<labelBounds x="936" y="311" width="18" height="30"/>
<noBackgroundColor>true</noBackgroundColor>
<noForegroundColor>true</noForegroundColor>
</targetLabel>
<points>
<point x="1111" y="147"/>
<point x="1111" y="308"/>
<point x="926" y="308"/>
</points>
</Connector>
<Connector class="oracle.dbtools.crest.swingui.logical.TVRelation" oid="0D997801-4786-22CF-E1AF-EA5777C122A2" otype="Relation" vid_source="7049953A-A7F1-7872-C703-55F412193CF5" vid_target="0FFBCC59-7168-8FB8-2ACD-9EC00DD186EA">
<hideElementsInCurrentOnly>false</hideElementsInCurrentOnly>
<backgroundColor>-16777216</backgroundColor>
<lineWidth>1</lineWidth>
<sourceLabel class="oracle.dbtools.crest.model.design.Label">
<site>0</site>
<labelBounds x="1199" y="451" width="59" height="36"/>
<noBackgroundColor>true</noBackgroundColor>
<noForegroundColor>true</noForegroundColor>
</sourceLabel>
<targetLabel class="oracle.dbtools.crest.model.design.Label">
<site>2</site>
<labelBounds x="1199" y="470" width="19" height="31"/>
<noBackgroundColor>true</noBackgroundColor>
<noForegroundColor>true</noForegroundColor>
</targetLabel>
<points>
<point x="1199" y="493"/>
<point x="1199" y="428"/>
</points>
</Connector>
<Connector class="oracle.dbtools.crest.swingui.logical.TVRelation" oid="2216B0EC-5233-D667-321E-601521DEA04A" otype="Relation" vid_source="BAB3BD8A-1200-A1F8-BDBD-69E8AAF99887" vid_target="191A6949-D90F-318A-FBDA-CC85095196B2">
<hideElementsInCurrentOnly>false</hideElementsInCurrentOnly>
<backgroundColor>-16777216</backgroundColor>
<lineWidth>1</lineWidth>
<sourceLabel class="oracle.dbtools.crest.model.design.Label">
<site>0</site>
<labelBounds x="543" y="174" width="31" height="30"/>
<noBackgroundColor>true</noBackgroundColor>
<noForegroundColor>true</noForegroundColor>
</sourceLabel>
<targetLabel class="oracle.dbtools.crest.model.design.Label">
<site>2</site>
<labelBounds x="543" y="161" width="17" height="33"/>
<noBackgroundColor>true</noBackgroundColor>
<noForegroundColor>true</noForegroundColor>
</targetLabel>
<points>
<point x="543" y="130"/>
<point x="543" y="200"/>
</points>
</Connector>
<Connector class="oracle.dbtools.crest.swingui.logical.TVRelation" oid="28F54200-D43F-9D0A-55AE-333BB5B29E66" otype="Relation" vid_source="93C345F1-406A-0D89-F78F-96F632D9715D" vid_target="E88BCCA4-5863-9660-9ADC-E90C4BF3F060">
<hideElementsInCurrentOnly>false</hideElementsInCurrentOnly>
<backgroundColor>-16777216</backgroundColor>
<lineWidth>1</lineWidth>
<sourceLabel class="oracle.dbtools.crest.model.design.Label">
<site>0</site>
<labelBounds x="845" y="556" width="37" height="30"/>
<noBackgroundColor>true</noBackgroundColor>
<noForegroundColor>true</noForegroundColor>
</sourceLabel>
<targetLabel class="oracle.dbtools.crest.model.design.Label">
<site>2</site>
<labelBounds x="845" y="507" width="18" height="30"/>
<noBackgroundColor>true</noBackgroundColor>
<noForegroundColor>true</noForegroundColor>
</targetLabel>
<points>
<point x="845" y="592"/>
<point x="845" y="463"/>
</points>
</Connector>
<Connector class="oracle.dbtools.crest.swingui.logical.TVRelation" oid="49103468-4090-D406-AAB1-796B985E4064" otype="Relation" vid_source="A3D09253-D278-E7C1-8ADD-8DB9AA1D8941" vid_target="5DC07485-BDA8-06A5-7643-BDD2E7FAD63C">
<hideElementsInCurrentOnly>false</hideElementsInCurrentOnly>
<backgroundColor>-16777216</backgroundColor>
<lineWidth>1</lineWidth>
<sourceLabel class="oracle.dbtools.crest.model.design.Label">
<site>0</site>
<labelBounds x="1196" y="220" width="105" height="31"/>
<noBackgroundColor>true</noBackgroundColor>
<noForegroundColor>true</noForegroundColor>
</sourceLabel>
<targetLabel class="oracle.dbtools.crest.model.design.Label">
<site>2</site>
<labelBounds x="1196" y="216" width="18" height="34"/>
<noBackgroundColor>true</noBackgroundColor>
<noForegroundColor>true</noForegroundColor>
</targetLabel>
<points>
<point x="1196" y="257"/>
<point x="1196" y="147"/>
</points>
</Connector>
<Connector class="oracle.dbtools.crest.swingui.logical.TVRelation" oid="5CBE0D84-7AC8-72B7-6F3C-C10CDDBDAC6D" otype="Relation" vid_source="5DC07485-BDA8-06A5-7643-BDD2E7FAD63C" vid_target="67681DCA-862A-1CB0-6347-F42B1C8C1F22">
<hideElementsInCurrentOnly>false</hideElementsInCurrentOnly>
<backgroundColor>-16777216</backgroundColor>
<lineWidth>1</lineWidth>
<sourceLabel class="oracle.dbtools.crest.model.design.Label">
<site>0</site>
<labelBounds x="1026" y="137" width="69" height="31"/>
<noBackgroundColor>true</noBackgroundColor>
<noForegroundColor>true</noForegroundColor>
</sourceLabel>
<targetLabel class="oracle.dbtools.crest.model.design.Label">
<site>2</site>
<labelBounds x="928" y="136" width="18" height="30"/>
<noBackgroundColor>true</noBackgroundColor>
<noForegroundColor>true</noForegroundColor>
</targetLabel>
<points>
<point x="1101" y="137"/>
<point x="918" y="136"/>
</points>
</Connector>
<Connector class="oracle.dbtools.crest.swingui.logical.TVRelation" oid="5E616A41-46B5-CF13-47C3-1D2CD0F12F88" otype="Relation" vid_source="267928D8-2E8B-7AA5-A8B2-4B232605C348" vid_target="93C345F1-406A-0D89-F78F-96F632D9715D">
<hideElementsInCurrentOnly>false</hideElementsInCurrentOnly>
<backgroundColor>-16777216</backgroundColor>
<lineWidth>1</lineWidth>
<sourceLabel class="oracle.dbtools.crest.model.design.Label">
<site>0</site>
<labelBounds x="1077" y="625" width="40" height="30"/>
<noBackgroundColor>true</noBackgroundColor>
<noForegroundColor>true</noForegroundColor>
</sourceLabel>
<targetLabel class="oracle.dbtools.crest.model.design.Label">
<site>2</site>
<labelBounds x="913" y="658" width="18" height="30"/>
<noBackgroundColor>true</noBackgroundColor>
<noForegroundColor>true</noForegroundColor>
</targetLabel>
<points>
<point x="1123" y="655"/>
<point x="903" y="655"/>
</points>
</Connector>
<Connector class="oracle.dbtools.crest.swingui.logical.TVRelation" oid="62021745-B734-49D9-C5BD-63CD48D4599F" otype="Relation" vid_source="5DC07485-BDA8-06A5-7643-BDD2E7FAD63C" vid_target="67681DCA-862A-1CB0-6347-F42B1C8C1F22">
<hideElementsInCurrentOnly>false</hideElementsInCurrentOnly>
<backgroundColor>-16777216</backgroundColor>
<lineWidth>1</lineWidth>
<sourceLabel class="oracle.dbtools.crest.model.design.Label">
<site>0</site>
<labelBounds x="1056" y="109" width="39" height="30"/>
<noBackgroundColor>true</noBackgroundColor>
<noForegroundColor>true</noForegroundColor>
</sourceLabel>
<targetLabel class="oracle.dbtools.crest.model.design.Label">
<site>2</site>
<labelBounds x="928" y="110" width="18" height="30"/>
<noBackgroundColor>true</noBackgroundColor>
<noForegroundColor>true</noForegroundColor>
</targetLabel>
<points>
<point x="1101" y="109"/>
<point x="918" y="110"/>
</points>
</Connector>
<Connector class="oracle.dbtools.crest.swingui.logical.TVRelation" oid="6FF2FD65-3DF1-DFC3-2280-AC737D65759E" otype="Relation" vid_source="E88BCCA4-5863-9660-9ADC-E90C4BF3F060" vid_target="B4341D62-F120-828D-B2A7-5285FFEBBC31">
<hideElementsInCurrentOnly>false</hideElementsInCurrentOnly>
<backgroundColor>-16777216</backgroundColor>
<lineWidth>1</lineWidth>
<sourceLabel class="oracle.dbtools.crest.model.design.Label">
<site>0</site>
<labelBounds x="700" y="350" width="62" height="30"/>
<noBackgroundColor>true</noBackgroundColor>
<noForegroundColor>true</noForegroundColor>
</sourceLabel>
<targetLabel class="oracle.dbtools.crest.model.design.Label">
<site>2</site>
<labelBounds x="639" y="383" width="18" height="30"/>
<noBackgroundColor>true</noBackgroundColor>
<noForegroundColor>true</noForegroundColor>
</targetLabel>
<points>
<point x="768" y="380"/>
<point x="629" y="380"/>
</points>
</Connector>
<Connector class="oracle.dbtools.crest.swingui.logical.TVRelation" oid="812F83C1-EC7E-3FAD-5E3F-309F932AA134" otype="Relation" vid_source="5DC07485-BDA8-06A5-7643-BDD2E7FAD63C" vid_target="BAB3BD8A-1200-A1F8-BDBD-69E8AAF99887">
<hideElementsInCurrentOnly>false</hideElementsInCurrentOnly>
<backgroundColor>-16777216</backgroundColor>
<lineWidth>1</lineWidth>
<sourceLabel class="oracle.dbtools.crest.model.design.Label">
<site>0</site>
<labelBounds x="1037" y="57" width="58" height="30"/>
<noBackgroundColor>true</noBackgroundColor>
<noForegroundColor>true</noForegroundColor>
</sourceLabel>
<targetLabel class="oracle.dbtools.crest.model.design.Label">
<site>2</site>
<labelBounds x="611" y="58" width="18" height="29"/>
<noBackgroundColor>true</noBackgroundColor>
<noForegroundColor>true</noForegroundColor>
</targetLabel>
<points>
<point x="1101" y="57"/>
<point x="601" y="58"/>
</points>
</Connector>
<Connector class="oracle.dbtools.crest.swingui.logical.TVRelation" oid="9835F7B8-B2CB-8A5C-B22D-1BF8ADA7DD05" otype="Relation" vid_source="F9900B3E-B211-3956-0078-7D3C08AB3B73" vid_target="B4341D62-F120-828D-B2A7-5285FFEBBC31">
<hideElementsInCurrentOnly>false</hideElementsInCurrentOnly>
<backgroundColor>-16777216</backgroundColor>
<lineWidth>1</lineWidth>
<sourceLabel class="oracle.dbtools.crest.model.design.Label">
<site>0</site>
<labelBounds x="543" y="479" width="54" height="30"/>
<noBackgroundColor>true</noBackgroundColor>
<noForegroundColor>true</noForegroundColor>
</sourceLabel>
<targetLabel class="oracle.dbtools.crest.model.design.Label">
<site>2</site>
<labelBounds x="543" y="469" width="18" height="30"/>
<noBackgroundColor>true</noBackgroundColor>
<noForegroundColor>true</noForegroundColor>
</targetLabel>
<points>
<point x="543" y="515"/>
<point x="543" y="433"/>
</points>
</Connector>
<Connector class="oracle.dbtools.crest.swingui.logical.TVRelation" oid="9A4C9A6A-1ACF-241D-650C-A5F162395F94" otype="Relation" vid_source="67681DCA-862A-1CB0-6347-F42B1C8C1F22" vid_target="E88BCCA4-5863-9660-9ADC-E90C4BF3F060">
<hideElementsInCurrentOnly>false</hideElementsInCurrentOnly>
<backgroundColor>-16777216</backgroundColor>
<lineWidth>1</lineWidth>
<sourceLabel class="oracle.dbtools.crest.model.design.Label">
<site>0</site>
<labelBounds x="840" y="248" width="32" height="30"/>
<noBackgroundColor>true</noBackgroundColor>
<noForegroundColor>true</noForegroundColor>
</sourceLabel>
<targetLabel class="oracle.dbtools.crest.model.design.Label">
<site>2</site>
<labelBounds x="840" y="235" width="21" height="30"/>
<noBackgroundColor>true</noBackgroundColor>
<noForegroundColor>true</noForegroundColor>
</targetLabel>
<points>
<point x="840" y="188"/>
<point x="840" y="295"/>
</points>
</Connector>
<Connector class="oracle.dbtools.crest.swingui.logical.TVRelation" oid="D0740021-5CA7-B43B-A32E-93698D6A09E8" otype="Relation" vid_source="8078227C-A69B-FB29-878B-356727C0B9DD" vid_target="93C345F1-406A-0D89-F78F-96F632D9715D">
<hideElementsInCurrentOnly>false</hideElementsInCurrentOnly>
<backgroundColor>-16777216</backgroundColor>
<lineWidth>1</lineWidth>
<sourceLabel class="oracle.dbtools.crest.model.design.Label">
<site>0</site>
<labelBounds x="592" y="631" width="89" height="30"/>
<noBackgroundColor>true</noBackgroundColor>
<noForegroundColor>true</noForegroundColor>
</sourceLabel>
<targetLabel class="oracle.dbtools.crest.model.design.Label">
<site>2</site>
<labelBounds x="750" y="664" width="18" height="30"/>
<noBackgroundColor>true</noBackgroundColor>
<noForegroundColor>true</noForegroundColor>
</targetLabel>
<points>
<point x="582" y="661"/>
<point x="774" y="661"/>
</points>
</Connector>
<Connector class="oracle.dbtools.crest.swingui.logical.TVRelation" oid="D0958703-9E37-B00A-1622-CDEE2E94C02C" otype="Relation" vid_source="E88BCCA4-5863-9660-9ADC-E90C4BF3F060" vid_target="0FFBCC59-7168-8FB8-2ACD-9EC00DD186EA">
<hideElementsInCurrentOnly>false</hideElementsInCurrentOnly>
<backgroundColor>-16777216</backgroundColor>
<lineWidth>1</lineWidth>
<sourceLabel class="oracle.dbtools.crest.model.design.Label">
<site>0</site>
<labelBounds x="936" y="356" width="64" height="33"/>
<noBackgroundColor>true</noBackgroundColor>
<noForegroundColor>true</noForegroundColor>
</sourceLabel>
<targetLabel class="oracle.dbtools.crest.model.design.Label">
<site>2</site>
<labelBounds x="1098" y="392" width="18" height="30"/>
<noBackgroundColor>true</noBackgroundColor>
<noForegroundColor>true</noForegroundColor>
</targetLabel>
<points>
<point x="926" y="389"/>
<point x="1122" y="389"/>
</points>
</Connector>
<Connector class="oracle.dbtools.crest.swingui.logical.TVRelation" oid="D6777462-6697-D52C-B849-CEF245EA7E93" otype="Relation" vid_source="E88BCCA4-5863-9660-9ADC-E90C4BF3F060" vid_target="E88BCCA4-5863-9660-9ADC-E90C4BF3F060">
<hideElementsInCurrentOnly>false</hideElementsInCurrentOnly>
<backgroundColor>-16777216</backgroundColor>
<lineWidth>1</lineWidth>
<sourceLabel class="oracle.dbtools.crest.model.design.Label">
<site>0</site>
<labelBounds x="965" y="417" width="61" height="30"/>
<noBackgroundColor>true</noBackgroundColor>
<noForegroundColor>true</noForegroundColor>
</sourceLabel>
<targetLabel class="oracle.dbtools.crest.model.design.Label">
<site>2</site>
<labelBounds x="875" y="488" width="18" height="30"/>
<noBackgroundColor>true</noBackgroundColor>
<noForegroundColor>true</noForegroundColor>
</targetLabel>
<points>
<point x="926" y="432"/>
<point x="965" y="432"/>
<point x="965" y="503"/>
<point x="875" y="501"/>
<point x="875" y="463"/>
</points>
</Connector>
<Connector class="oracle.dbtools.crest.swingui.logical.TVRelation" oid="F613225B-FA71-6CE8-AAD9-97EB809F0818" otype="Relation" vid_source="67681DCA-862A-1CB0-6347-F42B1C8C1F22" vid_target="BAB3BD8A-1200-A1F8-BDBD-69E8AAF99887">
<hideElementsInCurrentOnly>false</hideElementsInCurrentOnly>
<backgroundColor>-16777216</backgroundColor>
<lineWidth>1</lineWidth>
<sourceLabel class="oracle.dbtools.crest.model.design.Label">
<site>0</site>
<labelBounds x="695" y="84" width="58" height="30"/>
<noBackgroundColor>true</noBackgroundColor>
<noForegroundColor>true</noForegroundColor>
</sourceLabel>
<targetLabel class="oracle.dbtools.crest.model.design.Label">
<site>2</site>
<labelBounds x="611" y="117" width="18" height="30"/>
<noBackgroundColor>true</noBackgroundColor>
<noForegroundColor>true</noForegroundColor>
</targetLabel>
<points>
<point x="759" y="114"/>
<point x="601" y="114"/>
</points>
</Connector>
</connectors>
</Diagram>
