<?xml version = '1.0' encoding = 'UTF-8'?>
<Table class="oracle.dbtools.crest.model.design.relational.Table" directorySegmentName="seg_0" id="04760272-6C0F-48DA-16BF-0426C99EDD0D" name="SERVICE">
<createdBy>rissten</createdBy>
<createdTime>2023-09-12 07:52:17 UTC</createdTime>
<generatorID>D71349C8-CD09-68D9-5E58-EA03A3DCA49D</generatorID>
<ownerDesignName>pet_first_oracle_model</ownerDesignName>
<allowColumnReorder>false</allowColumnReorder>
<existDependencyGenerateInDDl>true</existDependencyGenerateInDDl>
<parsed>true</parsed>
<columns itemClass="oracle.dbtools.crest.model.design.relational.Column">
<Column name="service_code" id="D2D7A16D-1018-D370-13A8-200D3D04AC06">
<createdBy>rissten</createdBy>
<createdTime>2023-09-12 07:52:17 UTC</createdTime>
<commentInRDBMS><![CDATA[identifier for service]]></commentInRDBMS>
<generatorID>EFD85CED-4489-8A23-1069-B55C7A2ECF03</generatorID>
<ownerDesignName>pet_first_oracle_model</ownerDesignName>
<useDomainConstraints>false</useDomainConstraints>
<use>1</use>
<logicalDatatype>LOGDT019</logicalDatatype>
<dataTypePrecision>7</dataTypePrecision>
<ownDataTypeParameters>,7,</ownDataTypeParameters>
<autoIncrementCycle>false</autoIncrementCycle>
</Column>
<Column name="service_desc" id="EFE175A1-34CA-5067-DC8B-C4592333DD73">
<createdBy>rissten</createdBy>
<createdTime>2023-09-12 07:52:17 UTC</createdTime>
<commentInRDBMS><![CDATA[the description of service]]></commentInRDBMS>
<generatorID>E67EA891-70D4-3910-62D7-B9D4C44C107F</generatorID>
<ownerDesignName>pet_first_oracle_model</ownerDesignName>
<useDomainConstraints>false</useDomainConstraints>
<use>1</use>
<logicalDatatype>LOGDT024</logicalDatatype>
<dataTypeSize>80</dataTypeSize>
<ownDataTypeParameters>80,,</ownDataTypeParameters>
<autoIncrementCycle>false</autoIncrementCycle>
</Column>
<Column name="service_standard_price" id="CD10D9F1-4591-272A-4DA8-EFB2AB8428C9">
<createdBy>rissten</createdBy>
<createdTime>2023-09-12 07:52:17 UTC</createdTime>
<commentInRDBMS><![CDATA[Fee charged for provided service.]]></commentInRDBMS>
<generatorID>1FCA6332-4D42-0F37-7516-D42379C69CC9</generatorID>
<ownerDesignName>pet_first_oracle_model</ownerDesignName>
<useDomainConstraints>false</useDomainConstraints>
<use>1</use>
<logicalDatatype>LOGDT019</logicalDatatype>
<dataTypePrecision>5</dataTypePrecision>
<dataTypeScale>2</dataTypeScale>
<ownDataTypeParameters>,5,2</ownDataTypeParameters>
<autoIncrementCycle>false</autoIncrementCycle>
</Column>
</columns>
<indexes itemClass="oracle.dbtools.crest.model.design.relational.Index">
<ind_PK_UK id="6D32BD93-3D06-4256-9B1D-A04A5990EDA4" name="SERVICE_PK">
<createdBy>rissten</createdBy>
<createdTime>2023-09-12 07:52:17 UTC</createdTime>
<generatorID>B27D0177-42C8-7DCD-5832-DFE4E2CD8225</generatorID>
<ownerDesignName>pet_first_oracle_model</ownerDesignName>
<pk>true</pk>
<indexState>Primary Constraint</indexState>
<isSurrogateKey>false</isSurrogateKey>
<indexColumnUsage>
<colUsage columnID="D2D7A16D-1018-D370-13A8-200D3D04AC06"/>
</indexColumnUsage>
</ind_PK_UK>
</indexes>
</Table>
