<?xml version = '1.0' encoding = 'UTF-8'?>
<Table class="oracle.dbtools.crest.model.design.relational.Table" directorySegmentName="seg_0" id="2C45982B-6C88-17CC-1743-DE4A1FCCE8C5" name="TRAINING">
<createdBy>rissten</createdBy>
<createdTime>2023-09-12 07:52:17 UTC</createdTime>
<generatorID>B154737A-7F5B-1E97-E074-6E41E356763D</generatorID>
<ownerDesignName>pet_first_oracle_model</ownerDesignName>
<allowColumnReorder>false</allowColumnReorder>
<existDependencyGenerateInDDl>true</existDependencyGenerateInDDl>
<parsed>true</parsed>
<columns itemClass="oracle.dbtools.crest.model.design.relational.Column">
<Column name="train_id" id="874D3AD0-E896-A1E5-41C8-BE10CEC7173D">
<createdBy>rissten</createdBy>
<createdTime>2023-09-12 07:52:17 UTC</createdTime>
<commentInRDBMS><![CDATA[identifier for traning ]]></commentInRDBMS>
<generatorID>128D0A73-45BB-193C-830F-E012EEDAA8C0</generatorID>
<ownerDesignName>pet_first_oracle_model</ownerDesignName>
<useDomainConstraints>false</useDomainConstraints>
<use>1</use>
<logicalDatatype>LOGDT019</logicalDatatype>
<dataTypePrecision>7</dataTypePrecision>
<ownDataTypeParameters>,7,</ownDataTypeParameters>
<autoIncrementCycle>false</autoIncrementCycle>
</Column>
<Column name="train_date_time" id="E082C28D-A5A6-1491-D756-7F04B25B0733">
<createdBy>rissten</createdBy>
<createdTime>2023-09-12 07:52:17 UTC</createdTime>
<commentInRDBMS><![CDATA[Date and time of traning. ]]></commentInRDBMS>
<generatorID>89C1EC45-982F-CDEA-B237-87466C1F9657</generatorID>
<ownerDesignName>pet_first_oracle_model</ownerDesignName>
<useDomainConstraints>false</useDomainConstraints>
<use>1</use>
<logicalDatatype>LOGDT007</logicalDatatype>
<ownDataTypeParameters>,,</ownDataTypeParameters>
<autoIncrementCycle>false</autoIncrementCycle>
</Column>
<Column name="vet_id" id="AA6DC2F9-5797-507E-3BB6-AE011A5CCFBE">
<createdBy>rissten</createdBy>
<createdTime>2023-09-12 07:52:17 UTC</createdTime>
<commentInRDBMS><![CDATA[identification number of vet]]></commentInRDBMS>
<generatorID>2E1E41D3-AE1F-1ED2-0D52-8154AE3AE9DA</generatorID>
<ownerDesignName>pet_first_oracle_model</ownerDesignName>
<useDomainConstraints>false</useDomainConstraints>
<use>1</use>
<logicalDatatype>LOGDT019</logicalDatatype>
<dataTypePrecision>7</dataTypePrecision>
<ownDataTypeParameters>,,</ownDataTypeParameters>
<previousColumn>false</previousColumn>
<autoIncrementCycle>false</autoIncrementCycle>
<associations>
<colAssociation fkAssociation="8E39C297-C88B-9361-D583-B0547B2ABA0F" referredColumn="57D44DE3-1B47-6375-EE07-0890E0B47AC7"/>
</associations>
</Column>
<Column name="train_name" id="D5D4F97E-2681-8875-6525-955399B8B821">
<createdBy>rissten</createdBy>
<createdTime>2023-09-12 07:52:17 UTC</createdTime>
<commentInRDBMS><![CDATA[Name of the trainig conducted]]></commentInRDBMS>
<generatorID>24840776-2D6E-4835-2637-B2187AC9D52D</generatorID>
<ownerDesignName>pet_first_oracle_model</ownerDesignName>
<useDomainConstraints>false</useDomainConstraints>
<use>1</use>
<logicalDatatype>LOGDT024</logicalDatatype>
<dataTypeSize>25</dataTypeSize>
<ownDataTypeParameters>25,,</ownDataTypeParameters>
<autoIncrementCycle>false</autoIncrementCycle>
</Column>
<Column name="train_duration" id="4E57394F-F7FD-9E49-CB41-0BC071849021">
<createdBy>rissten</createdBy>
<createdTime>2023-09-12 07:52:17 UTC</createdTime>
<commentInRDBMS><![CDATA[Duration of the training conducted]]></commentInRDBMS>
<generatorID>2E84899C-5252-15FE-2A3B-08604470F805</generatorID>
<ownerDesignName>pet_first_oracle_model</ownerDesignName>
<useDomainConstraints>false</useDomainConstraints>
<use>1</use>
<logicalDatatype>LOGDT024</logicalDatatype>
<dataTypeSize>10</dataTypeSize>
<ownDataTypeParameters>10,,</ownDataTypeParameters>
<autoIncrementCycle>false</autoIncrementCycle>
</Column>
<Column name="clinic_id" id="6DC9259D-A056-870B-0071-E212CDF743E1">
<createdBy>rissten</createdBy>
<createdTime>2023-09-12 07:52:17 UTC</createdTime>
<commentInRDBMS><![CDATA[identification number of clinic]]></commentInRDBMS>
<generatorID>FF0BF676-4A1F-41D6-3A2A-1C3F3BC28C8E</generatorID>
<ownerDesignName>pet_first_oracle_model</ownerDesignName>
<useDomainConstraints>false</useDomainConstraints>
<use>1</use>
<logicalDatatype>LOGDT019</logicalDatatype>
<dataTypePrecision>7</dataTypePrecision>
<ownDataTypeParameters>,,</ownDataTypeParameters>
<previousColumn>false</previousColumn>
<autoIncrementCycle>false</autoIncrementCycle>
<associations>
<colAssociation fkAssociation="98C1136B-33F6-9B56-F2C8-168EFF9A8D03" referredColumn="B9C0E371-23DA-BB08-9F0B-F64A26943AA0"/>
</associations>
</Column>
</columns>
<indexes itemClass="oracle.dbtools.crest.model.design.relational.Index">
<ind_PK_UK id="8C9AB2F5-95CE-5AEC-0381-2047D75A2B69" name="TRAINING_PK">
<createdBy>rissten</createdBy>
<createdTime>2023-09-12 07:52:17 UTC</createdTime>
<generatorID>1D941967-520D-ED8E-A113-BF2774A77D68</generatorID>
<ownerDesignName>pet_first_oracle_model</ownerDesignName>
<pk>true</pk>
<indexState>Primary Constraint</indexState>
<isSurrogateKey>false</isSurrogateKey>
<indexColumnUsage>
<colUsage columnID="874D3AD0-E896-A1E5-41C8-BE10CEC7173D"/>
</indexColumnUsage>
</ind_PK_UK>
<ind_PK_UK id="D76F5FAA-C740-D6CE-481E-F05DE0277CC8" name="TRAINING_FK">
<createdBy>rissten</createdBy>
<createdTime>2023-09-12 07:52:17 UTC</createdTime>
<generatorID>A268C18E-BD17-BB4A-C21E-E27D0D472BD5</generatorID>
<ownerDesignName>pet_first_oracle_model</ownerDesignName>
<indexState>Unique Constraint</indexState>
<isSurrogateKey>false</isSurrogateKey>
<indexColumnUsage>
<colUsage columnID="AA6DC2F9-5797-507E-3BB6-AE011A5CCFBE"/>
<colUsage columnID="E082C28D-A5A6-1491-D756-7F04B25B0733"/>
</indexColumnUsage>
</ind_PK_UK>
<ind_PK_UK id="C14BED02-23B8-6946-0310-00C8B6F5668D" name="clinic_training">
<createdBy>rissten</createdBy>
<createdTime>2023-09-12 07:52:17 UTC</createdTime>
<generatorID>F613225B-FA71-6CE8-AAD9-97EB809F0818</generatorID>
<ownerDesignName>pet_first_oracle_model</ownerDesignName>
<indexState>Foreign Key</indexState>
<isSurrogateKey>false</isSurrogateKey>
<indexColumnUsage>
<colUsage columnID="6DC9259D-A056-870B-0071-E212CDF743E1"/>
</indexColumnUsage>
</ind_PK_UK>
<ind_PK_UK id="75F2B5C5-32B3-3780-83AD-A2DB04F4173A" name="vet_training">
<createdBy>rissten</createdBy>
<createdTime>2023-09-12 07:52:17 UTC</createdTime>
<generatorID>812F83C1-EC7E-3FAD-5E3F-309F932AA134</generatorID>
<ownerDesignName>pet_first_oracle_model</ownerDesignName>
<indexState>Foreign Key</indexState>
<isSurrogateKey>false</isSurrogateKey>
<indexColumnUsage>
<colUsage columnID="AA6DC2F9-5797-507E-3BB6-AE011A5CCFBE"/>
</indexColumnUsage>
</ind_PK_UK>
</indexes>
</Table>
