<?xml version = '1.0' encoding = 'UTF-8'?>
<Table class="oracle.dbtools.crest.model.design.relational.Table" directorySegmentName="seg_0" id="5772996E-8264-33A0-3A42-14A72B821FDC" name="PARTICIPANT">
<createdBy>rissten</createdBy>
<createdTime>2023-09-12 07:52:17 UTC</createdTime>
<generatorID>987B3705-5D0C-E8AC-7248-BFA2959C5D7D</generatorID>
<ownerDesignName>pet_first_oracle_model</ownerDesignName>
<allowColumnReorder>false</allowColumnReorder>
<existDependencyGenerateInDDl>true</existDependencyGenerateInDDl>
<parsed>true</parsed>
<columns itemClass="oracle.dbtools.crest.model.design.relational.Column">
<Column name="partici_vet_id" id="1573BFDA-9567-08C1-9CED-6B7AEDFB3EB9">
<createdBy>rissten</createdBy>
<createdTime>2023-09-12 07:52:17 UTC</createdTime>
<commentInRDBMS><![CDATA[the id of vet who accepts training ]]></commentInRDBMS>
<generatorID>22A8145D-1F25-7536-E007-C00FFB34353B</generatorID>
<ownerDesignName>pet_first_oracle_model</ownerDesignName>
<useDomainConstraints>false</useDomainConstraints>
<use>1</use>
<logicalDatatype>LOGDT019</logicalDatatype>
<dataTypePrecision>7</dataTypePrecision>
<ownDataTypeParameters>,7,</ownDataTypeParameters>
<autoIncrementCycle>false</autoIncrementCycle>
</Column>
<Column name="train_id" id="ECD574AD-7FC8-785F-7DD6-6E073BFD4491">
<createdBy>rissten</createdBy>
<createdTime>2023-09-12 07:52:17 UTC</createdTime>
<commentInRDBMS><![CDATA[identifier for traning ]]></commentInRDBMS>
<generatorID>3A1115EB-3DBB-C38D-6B65-BFA3E0F1C61E</generatorID>
<ownerDesignName>pet_first_oracle_model</ownerDesignName>
<useDomainConstraints>false</useDomainConstraints>
<use>1</use>
<logicalDatatype>LOGDT019</logicalDatatype>
<dataTypePrecision>7</dataTypePrecision>
<ownDataTypeParameters>,,</ownDataTypeParameters>
<previousColumn>false</previousColumn>
<autoIncrementCycle>false</autoIncrementCycle>
<associations>
<colAssociation fkAssociation="6FD03D88-1A4C-4425-F859-BC7AB2114058" referredColumn="874D3AD0-E896-A1E5-41C8-BE10CEC7173D"/>
</associations>
</Column>
<Column name="partici_train_complt" id="618DFF96-6711-0BCA-2E56-C299C29EC082">
<createdBy>rissten</createdBy>
<createdTime>2023-09-12 07:52:17 UTC</createdTime>
<commentInRDBMS><![CDATA[completion of training (Y for completed, N for incompleted)]]></commentInRDBMS>
<generatorID>407CEA22-82B3-66CB-DF12-A90543A3A8F7</generatorID>
<ownerDesignName>pet_first_oracle_model</ownerDesignName>
<constraintName>chk_training_completion</constraintName>
<useDomainConstraints>false</useDomainConstraints>
<use>1</use>
<logicalDatatype>LOGDT024</logicalDatatype>
<dataTypeSize>1</dataTypeSize>
<listOfValues>
<valueDef value="N" description="didn&apos;t complete"/>
<valueDef value="Y" description="completed"/>
</listOfValues>
<ownDataTypeParameters>1,,</ownDataTypeParameters>
<autoIncrementCycle>false</autoIncrementCycle>
</Column>
<Column name="partici_train_expiry" id="168F9AB9-9BD4-3131-475B-10481ACC8785">
<createdBy>rissten</createdBy>
<createdTime>2023-09-12 07:52:17 UTC</createdTime>
<commentInRDBMS><![CDATA[expiry date for training]]></commentInRDBMS>
<generatorID>BF4B58B6-E4FA-6485-9B16-9E3887D0A304</generatorID>
<ownerDesignName>pet_first_oracle_model</ownerDesignName>
<nullsAllowed>true</nullsAllowed>
<useDomainConstraints>false</useDomainConstraints>
<use>1</use>
<logicalDatatype>LOGDT007</logicalDatatype>
<ownDataTypeParameters>,,</ownDataTypeParameters>
<autoIncrementCycle>false</autoIncrementCycle>
</Column>
</columns>
<indexes itemClass="oracle.dbtools.crest.model.design.relational.Index">
<ind_PK_UK id="73FA76EC-798D-F78B-3403-141F3CE2DA05" name="PANTICIPANT_PK">
<createdBy>rissten</createdBy>
<createdTime>2023-09-12 07:52:17 UTC</createdTime>
<generatorID>50D164AC-2BF0-B231-3367-01A97152A169</generatorID>
<ownerDesignName>pet_first_oracle_model</ownerDesignName>
<pk>true</pk>
<indexState>Primary Constraint</indexState>
<isSurrogateKey>false</isSurrogateKey>
<indexColumnUsage>
<colUsage columnID="ECD574AD-7FC8-785F-7DD6-6E073BFD4491"/>
<colUsage columnID="1573BFDA-9567-08C1-9CED-6B7AEDFB3EB9"/>
</indexColumnUsage>
</ind_PK_UK>
<ind_PK_UK id="8816FBE1-841E-9A89-DFC1-956F83670C35" name="training_panticipant">
<createdBy>rissten</createdBy>
<createdTime>2023-09-12 07:52:17 UTC</createdTime>
<generatorID>2216B0EC-5233-D667-321E-601521DEA04A</generatorID>
<ownerDesignName>pet_first_oracle_model</ownerDesignName>
<indexState>Foreign Key</indexState>
<isSurrogateKey>false</isSurrogateKey>
<indexColumnUsage>
<colUsage columnID="ECD574AD-7FC8-785F-7DD6-6E073BFD4491"/>
</indexColumnUsage>
</ind_PK_UK>
</indexes>
</Table>
