<?xml version = '1.0' encoding = 'UTF-8'?>
<Table class="oracle.dbtools.crest.model.design.relational.Table" directorySegmentName="seg_0" id="57DA61FE-C265-7ADA-B4A8-86996A446D12" name="VISIT">
<createdBy>rissten</createdBy>
<createdTime>2023-09-12 07:52:17 UTC</createdTime>
<generatorID>48C58B7B-06FB-3172-B6B9-4DE6DD375D4A</generatorID>
<ownerDesignName>pet_first_oracle_model</ownerDesignName>
<allowColumnReorder>false</allowColumnReorder>
<existDependencyGenerateInDDl>true</existDependencyGenerateInDDl>
<parsed>true</parsed>
<columns itemClass="oracle.dbtools.crest.model.design.relational.Column">
<Column name="visit_date_time" id="9E705696-04B6-DD0C-3FD8-FF17C6DAC0CD">
<createdBy>rissten</createdBy>
<createdTime>2023-09-12 07:52:17 UTC</createdTime>
<commentInRDBMS><![CDATA[date and time of the visit]]></commentInRDBMS>
<generatorID>6C8F93BE-A822-F44E-699B-CE6B22C688D3</generatorID>
<ownerDesignName>pet_first_oracle_model</ownerDesignName>
<useDomainConstraints>false</useDomainConstraints>
<use>1</use>
<logicalDatatype>LOGDT007</logicalDatatype>
<ownDataTypeParameters>,,</ownDataTypeParameters>
<autoIncrementCycle>false</autoIncrementCycle>
</Column>
<Column name="vet_id" id="1078342A-BD1D-EEE7-D9B6-85E44E3DC427">
<createdBy>rissten</createdBy>
<createdTime>2023-09-12 07:52:17 UTC</createdTime>
<commentInRDBMS><![CDATA[identification number of vet]]></commentInRDBMS>
<generatorID>4DB6A45C-C0C5-29EE-B6DC-8C93631D95E5</generatorID>
<ownerDesignName>pet_first_oracle_model</ownerDesignName>
<useDomainConstraints>false</useDomainConstraints>
<use>1</use>
<logicalDatatype>LOGDT019</logicalDatatype>
<dataTypePrecision>7</dataTypePrecision>
<ownDataTypeParameters>,,</ownDataTypeParameters>
<previousColumn>false</previousColumn>
<autoIncrementCycle>false</autoIncrementCycle>
<associations>
<colAssociation fkAssociation="C68F0F00-8C08-537E-1BC4-0D91947DCBF5" referredColumn="57D44DE3-1B47-6375-EE07-0890E0B47AC7"/>
</associations>
</Column>
<Column name="visit_length" id="F7DA2CE4-E20F-4C11-A550-5B9DFD91BF32">
<createdBy>rissten</createdBy>
<createdTime>2023-09-12 07:52:17 UTC</createdTime>
<commentInRDBMS><![CDATA[length of the visit]]></commentInRDBMS>
<generatorID>1B1F637A-22F3-8085-000A-76EFAD9BB7C0</generatorID>
<ownerDesignName>pet_first_oracle_model</ownerDesignName>
<useDomainConstraints>false</useDomainConstraints>
<use>1</use>
<logicalDatatype>LOGDT024</logicalDatatype>
<dataTypeSize>25</dataTypeSize>
<ownDataTypeParameters>25,,</ownDataTypeParameters>
<autoIncrementCycle>false</autoIncrementCycle>
</Column>
<Column name="visit_pet_note" id="E5B05285-8135-50F9-7B23-09C9E89578BF">
<createdBy>rissten</createdBy>
<createdTime>2023-09-12 07:52:17 UTC</createdTime>
<commentInRDBMS><![CDATA[the note for one pet in a visit]]></commentInRDBMS>
<generatorID>37B38027-C297-BC6F-BBB4-96227D5239F1</generatorID>
<ownerDesignName>pet_first_oracle_model</ownerDesignName>
<nullsAllowed>true</nullsAllowed>
<useDomainConstraints>false</useDomainConstraints>
<use>1</use>
<logicalDatatype>LOGDT024</logicalDatatype>
<dataTypeSize>100</dataTypeSize>
<ownDataTypeParameters>100,,</ownDataTypeParameters>
<autoIncrementCycle>false</autoIncrementCycle>
</Column>
<Column name="visit_pet_weight" id="07FCC882-3A1B-1381-FD0B-F57E159223CE">
<createdBy>rissten</createdBy>
<createdTime>2023-09-12 07:52:17 UTC</createdTime>
<commentInRDBMS><![CDATA[weight of the pet in the visit]]></commentInRDBMS>
<generatorID>925E2AB1-4FFD-909E-2F2F-DF831AEF3EA2</generatorID>
<ownerDesignName>pet_first_oracle_model</ownerDesignName>
<useDomainConstraints>false</useDomainConstraints>
<use>1</use>
<logicalDatatype>LOGDT019</logicalDatatype>
<dataTypePrecision>3</dataTypePrecision>
<dataTypeScale>1</dataTypeScale>
<ownDataTypeParameters>,3,1</ownDataTypeParameters>
<autoIncrementCycle>false</autoIncrementCycle>
</Column>
<Column name="visit_total_cost" id="88044088-6AFB-EC1C-4062-0CD8929089BF">
<createdBy>rissten</createdBy>
<createdTime>2023-09-12 07:52:17 UTC</createdTime>
<commentInRDBMS><![CDATA[total cost of visit]]></commentInRDBMS>
<generatorID>AC141346-93DD-945E-8BA7-423E219D6343</generatorID>
<ownerDesignName>pet_first_oracle_model</ownerDesignName>
<useDomainConstraints>false</useDomainConstraints>
<use>1</use>
<logicalDatatype>LOGDT019</logicalDatatype>
<dataTypePrecision>5</dataTypePrecision>
<dataTypeScale>2</dataTypeScale>
<ownDataTypeParameters>,5,2</ownDataTypeParameters>
<autoIncrementCycle>false</autoIncrementCycle>
</Column>
<Column name="visit_paidby" id="F064E495-B45F-6D83-35FF-4A08A0D765CE">
<createdBy>rissten</createdBy>
<createdTime>2023-09-12 07:52:17 UTC</createdTime>
<commentInRDBMS><![CDATA[paymethod of the visit]]></commentInRDBMS>
<generatorID>B10488DF-5CAA-3B83-E99A-52F41CF47DDB</generatorID>
<ownerDesignName>pet_first_oracle_model</ownerDesignName>
<constraintName>chk_visit_paidby</constraintName>
<useDomainConstraints>false</useDomainConstraints>
<use>1</use>
<logicalDatatype>LOGDT025</logicalDatatype>
<dataTypeSize>4</dataTypeSize>
<listOfValues>
<valueDef value="CASH" description="paid by cash"/>
<valueDef value="EFT" description="electronic funds transfer"/>
</listOfValues>
<ownDataTypeParameters>4,,</ownDataTypeParameters>
<autoIncrementCycle>false</autoIncrementCycle>
</Column>
<Column name="pet_id" id="7DA1FA5D-D8E3-CEBC-7FED-28D212A9B333">
<createdBy>rissten</createdBy>
<createdTime>2023-09-12 07:52:17 UTC</createdTime>
<commentInRDBMS><![CDATA[identifier of pet]]></commentInRDBMS>
<generatorID>3771A963-D1F0-E2A8-D93E-5175298D1C7A</generatorID>
<ownerDesignName>pet_first_oracle_model</ownerDesignName>
<useDomainConstraints>false</useDomainConstraints>
<use>1</use>
<logicalDatatype>LOGDT019</logicalDatatype>
<dataTypePrecision>7</dataTypePrecision>
<ownDataTypeParameters>,,</ownDataTypeParameters>
<previousColumn>false</previousColumn>
<autoIncrementCycle>false</autoIncrementCycle>
<associations>
<colAssociation fkAssociation="032A19EB-15F8-94C9-42B3-954E6C196983" referredColumn="55C5F637-1979-A654-CE7E-18E87BB7722D"/>
</associations>
</Column>
<Column name="clinic_id" id="61A333A4-A01C-D847-EEAE-E451202C9F5C">
<createdBy>rissten</createdBy>
<createdTime>2023-09-12 07:52:17 UTC</createdTime>
<commentInRDBMS><![CDATA[identification number of clinic]]></commentInRDBMS>
<generatorID>C8B58ACA-C4C2-76CA-CF0C-4F3C943CCE6F</generatorID>
<ownerDesignName>pet_first_oracle_model</ownerDesignName>
<useDomainConstraints>false</useDomainConstraints>
<use>1</use>
<logicalDatatype>LOGDT019</logicalDatatype>
<dataTypePrecision>7</dataTypePrecision>
<ownDataTypeParameters>,,</ownDataTypeParameters>
<previousColumn>false</previousColumn>
<autoIncrementCycle>false</autoIncrementCycle>
<associations>
<colAssociation fkAssociation="17A92010-385A-648D-71FA-441E80809A5F" referredColumn="B9C0E371-23DA-BB08-9F0B-F64A26943AA0"/>
</associations>
</Column>
<Column name="follow_up_date_time" id="D3C2A50C-BAF0-657E-7308-96695EE33ECE">
<createdBy>rissten</createdBy>
<createdTime>2023-09-12 07:52:17 UTC</createdTime>
<commentInRDBMS><![CDATA[date and time of the visit]]></commentInRDBMS>
<generatorID>3E13F78B-C142-A769-FFF5-4C9514C2840E</generatorID>
<ownerDesignName>pet_first_oracle_model</ownerDesignName>
<nullsAllowed>true</nullsAllowed>
<useDomainConstraints>false</useDomainConstraints>
<use>1</use>
<logicalDatatype>LOGDT007</logicalDatatype>
<ownDataTypeParameters>,,</ownDataTypeParameters>
<previousColumn>false</previousColumn>
<autoIncrementCycle>false</autoIncrementCycle>
<associations>
<colAssociation fkAssociation="C477E779-6AFD-E19F-B452-FEE9FC36FEA5" referredColumn="9E705696-04B6-DD0C-3FD8-FF17C6DAC0CD"/>
</associations>
</Column>
<Column name="follow_up_vet_id" id="534809D8-25EA-33FE-EE00-6BEB2CECFA41">
<createdBy>rissten</createdBy>
<createdTime>2023-09-12 07:52:17 UTC</createdTime>
<commentInRDBMS><![CDATA[identification number of vet]]></commentInRDBMS>
<generatorID>70B09D89-DD7B-CC49-A86D-084714799278</generatorID>
<ownerDesignName>pet_first_oracle_model</ownerDesignName>
<nullsAllowed>true</nullsAllowed>
<useDomainConstraints>false</useDomainConstraints>
<use>1</use>
<logicalDatatype>LOGDT019</logicalDatatype>
<dataTypePrecision>7</dataTypePrecision>
<ownDataTypeParameters>,,</ownDataTypeParameters>
<previousColumn>false</previousColumn>
<autoIncrementCycle>false</autoIncrementCycle>
<associations>
<colAssociation fkAssociation="C477E779-6AFD-E19F-B452-FEE9FC36FEA5" referredColumn="1078342A-BD1D-EEE7-D9B6-85E44E3DC427"/>
</associations>
</Column>
</columns>
<indexes itemClass="oracle.dbtools.crest.model.design.relational.Index">
<ind_PK_UK id="53D376CF-5785-6B93-D0DB-2EFB6B387CBF" name="VISIT_PK">
<createdBy>rissten</createdBy>
<createdTime>2023-09-12 07:52:17 UTC</createdTime>
<generatorID>984CB9B2-1940-78E3-C9E4-06C12E374C7F</generatorID>
<ownerDesignName>pet_first_oracle_model</ownerDesignName>
<pk>true</pk>
<indexState>Primary Constraint</indexState>
<isSurrogateKey>false</isSurrogateKey>
<indexColumnUsage>
<colUsage columnID="9E705696-04B6-DD0C-3FD8-FF17C6DAC0CD"/>
<colUsage columnID="1078342A-BD1D-EEE7-D9B6-85E44E3DC427"/>
</indexColumnUsage>
</ind_PK_UK>
<ind_PK_UK id="A007300B-3CD3-A21B-D828-E217B7C8A2C4" name="clinic_visit">
<createdBy>rissten</createdBy>
<createdTime>2023-09-12 07:52:17 UTC</createdTime>
<generatorID>9A4C9A6A-1ACF-241D-650C-A5F162395F94</generatorID>
<ownerDesignName>pet_first_oracle_model</ownerDesignName>
<indexState>Foreign Key</indexState>
<isSurrogateKey>false</isSurrogateKey>
<indexColumnUsage>
<colUsage columnID="61A333A4-A01C-D847-EEAE-E451202C9F5C"/>
</indexColumnUsage>
</ind_PK_UK>
<ind_PK_UK id="F1C65A36-8193-DC03-1C5E-FFB9A392A58A" name="pet_visit">
<createdBy>rissten</createdBy>
<createdTime>2023-09-12 07:52:17 UTC</createdTime>
<generatorID>28F54200-D43F-9D0A-55AE-333BB5B29E66</generatorID>
<ownerDesignName>pet_first_oracle_model</ownerDesignName>
<indexState>Foreign Key</indexState>
<isSurrogateKey>false</isSurrogateKey>
<indexColumnUsage>
<colUsage columnID="7DA1FA5D-D8E3-CEBC-7FED-28D212A9B333"/>
</indexColumnUsage>
</ind_PK_UK>
<ind_PK_UK id="BA89D59D-174F-3F96-5E83-D537D20A2BFB" name="vet_visit">
<createdBy>rissten</createdBy>
<createdTime>2023-09-12 07:52:17 UTC</createdTime>
<generatorID>04D80A70-BB10-213D-EBA3-A1D4491BE5D1</generatorID>
<ownerDesignName>pet_first_oracle_model</ownerDesignName>
<indexState>Foreign Key</indexState>
<isSurrogateKey>false</isSurrogateKey>
<indexColumnUsage>
<colUsage columnID="1078342A-BD1D-EEE7-D9B6-85E44E3DC427"/>
</indexColumnUsage>
</ind_PK_UK>
<ind_PK_UK id="96219D39-3F03-BE71-CF82-25A47778C0BD" name="visit_followup">
<createdBy>rissten</createdBy>
<createdTime>2023-09-12 07:52:17 UTC</createdTime>
<generatorID>D6777462-6697-D52C-B849-CEF245EA7E93</generatorID>
<ownerDesignName>pet_first_oracle_model</ownerDesignName>
<indexState>Foreign Key</indexState>
<isSurrogateKey>false</isSurrogateKey>
<indexColumnUsage>
<colUsage columnID="D3C2A50C-BAF0-657E-7308-96695EE33ECE"/>
<colUsage columnID="534809D8-25EA-33FE-EE00-6BEB2CECFA41"/>
</indexColumnUsage>
</ind_PK_UK>
</indexes>
</Table>
