<?xml version = '1.0' encoding = 'UTF-8'?>
<Table class="oracle.dbtools.crest.model.design.relational.Table" directorySegmentName="seg_0" id="6C69BDB1-A616-33C9-25C3-4B7518DDA044" name="PET">
<createdBy>rissten</createdBy>
<createdTime>2023-09-12 07:52:17 UTC</createdTime>
<generatorID>D6449112-B3B4-9E23-76A1-C096EB609547</generatorID>
<ownerDesignName>pet_first_oracle_model</ownerDesignName>
<allowColumnReorder>false</allowColumnReorder>
<existDependencyGenerateInDDl>true</existDependencyGenerateInDDl>
<parsed>true</parsed>
<columns itemClass="oracle.dbtools.crest.model.design.relational.Column">
<Column name="pet_id" id="55C5F637-1979-A654-CE7E-18E87BB7722D">
<createdBy>rissten</createdBy>
<createdTime>2023-09-12 07:52:17 UTC</createdTime>
<commentInRDBMS><![CDATA[identifier of pet]]></commentInRDBMS>
<generatorID>2C9E8130-57C5-9DF2-A1D3-6158C194B336</generatorID>
<ownerDesignName>pet_first_oracle_model</ownerDesignName>
<useDomainConstraints>false</useDomainConstraints>
<use>1</use>
<logicalDatatype>LOGDT019</logicalDatatype>
<dataTypePrecision>7</dataTypePrecision>
<ownDataTypeParameters>,7,</ownDataTypeParameters>
<autoIncrementCycle>false</autoIncrementCycle>
</Column>
<Column name="pet_name" id="AAE18AEA-59F9-EF06-182B-0A99D93C6448">
<createdBy>rissten</createdBy>
<createdTime>2023-09-12 07:52:17 UTC</createdTime>
<commentInRDBMS><![CDATA[animal's name]]></commentInRDBMS>
<generatorID>9E5080DB-30FB-80EE-E315-103F3EE6C3AB</generatorID>
<ownerDesignName>pet_first_oracle_model</ownerDesignName>
<nullsAllowed>true</nullsAllowed>
<useDomainConstraints>false</useDomainConstraints>
<use>1</use>
<logicalDatatype>LOGDT024</logicalDatatype>
<dataTypeSize>15</dataTypeSize>
<ownDataTypeParameters>15,,</ownDataTypeParameters>
<autoIncrementCycle>false</autoIncrementCycle>
</Column>
<Column name="pet_year_born" id="856C5FD6-B254-0B99-8571-A5C2E5E148C6">
<createdBy>rissten</createdBy>
<createdTime>2023-09-12 07:52:17 UTC</createdTime>
<commentInRDBMS><![CDATA[the year animal borned]]></commentInRDBMS>
<generatorID>405F7938-86B0-15C0-2D3D-CBEEB9DC24CC</generatorID>
<ownerDesignName>pet_first_oracle_model</ownerDesignName>
<useDomainConstraints>false</useDomainConstraints>
<use>1</use>
<logicalDatatype>LOGDT025</logicalDatatype>
<dataTypeSize>4</dataTypeSize>
<ownDataTypeParameters>4,,</ownDataTypeParameters>
<autoIncrementCycle>false</autoIncrementCycle>
</Column>
<Column name="pet_life_status" id="50A9A80B-0CCD-F1E3-89C2-E9E4DB83B73D">
<createdBy>rissten</createdBy>
<createdTime>2023-09-12 07:52:17 UTC</createdTime>
<commentInRDBMS><![CDATA[Idetifier to check if the animal is Alive or Dead (A/D)]]></commentInRDBMS>
<generatorID>A0CD112A-FABF-4F28-D7EF-48A4579EA3A0</generatorID>
<ownerDesignName>pet_first_oracle_model</ownerDesignName>
<constraintName>chk_animal_life_status</constraintName>
<useDomainConstraints>false</useDomainConstraints>
<use>1</use>
<logicalDatatype>LOGDT025</logicalDatatype>
<dataTypeSize>1</dataTypeSize>
<listOfValues>
<valueDef value="A" description="Animal is alive"/>
<valueDef value="D" description="Animal is dead"/>
</listOfValues>
<ownDataTypeParameters>1,,</ownDataTypeParameters>
<autoIncrementCycle>false</autoIncrementCycle>
</Column>
<Column name="pet_type_id" id="84239C51-A3F9-E1BD-2EE0-455362CDF0D4">
<createdBy>rissten</createdBy>
<createdTime>2023-09-12 07:52:17 UTC</createdTime>
<commentInRDBMS><![CDATA[identification of animal type]]></commentInRDBMS>
<generatorID>FB04ACE7-91DD-63A9-7041-736449DE5E28</generatorID>
<ownerDesignName>pet_first_oracle_model</ownerDesignName>
<useDomainConstraints>false</useDomainConstraints>
<use>1</use>
<logicalDatatype>LOGDT019</logicalDatatype>
<dataTypePrecision>7</dataTypePrecision>
<ownDataTypeParameters>,,</ownDataTypeParameters>
<previousColumn>false</previousColumn>
<autoIncrementCycle>false</autoIncrementCycle>
<associations>
<colAssociation fkAssociation="64006543-3BA0-17C5-0ACD-D76DA0A96507" referredColumn="5E864209-91E7-5CD5-A1AB-9AB8B07A2938"/>
</associations>
</Column>
<Column name="owner_id" id="E9D24E5D-B184-5D79-E9AA-FAD1A4A698FB">
<createdBy>rissten</createdBy>
<createdTime>2023-09-12 07:52:17 UTC</createdTime>
<commentInRDBMS><![CDATA[identification number for owner]]></commentInRDBMS>
<generatorID>65D5901C-8493-1844-D92F-BC895A992A86</generatorID>
<ownerDesignName>pet_first_oracle_model</ownerDesignName>
<useDomainConstraints>false</useDomainConstraints>
<use>1</use>
<logicalDatatype>LOGDT019</logicalDatatype>
<dataTypePrecision>7</dataTypePrecision>
<ownDataTypeParameters>,,</ownDataTypeParameters>
<previousColumn>false</previousColumn>
<autoIncrementCycle>false</autoIncrementCycle>
<associations>
<colAssociation fkAssociation="8B186E73-0B6A-FF18-11C5-C42CC804FF89" referredColumn="36B124D5-4535-1D87-424D-6BB68193971C"/>
</associations>
</Column>
</columns>
<indexes itemClass="oracle.dbtools.crest.model.design.relational.Index">
<ind_PK_UK id="3E8B8522-5934-ED9F-8982-C7F3DB15A822" name="PET_PK">
<createdBy>rissten</createdBy>
<createdTime>2023-09-12 07:52:17 UTC</createdTime>
<generatorID>3E44871A-B134-38C0-A83F-5E43CBE58C35</generatorID>
<ownerDesignName>pet_first_oracle_model</ownerDesignName>
<pk>true</pk>
<indexState>Primary Constraint</indexState>
<isSurrogateKey>false</isSurrogateKey>
<indexColumnUsage>
<colUsage columnID="55C5F637-1979-A654-CE7E-18E87BB7722D"/>
</indexColumnUsage>
</ind_PK_UK>
<ind_PK_UK id="D5969769-58B2-21C9-DDD3-7383B681503A" name="animaltype_pet">
<createdBy>rissten</createdBy>
<createdTime>2023-09-12 07:52:17 UTC</createdTime>
<generatorID>D0740021-5CA7-B43B-A32E-93698D6A09E8</generatorID>
<ownerDesignName>pet_first_oracle_model</ownerDesignName>
<indexState>Foreign Key</indexState>
<isSurrogateKey>false</isSurrogateKey>
<indexColumnUsage>
<colUsage columnID="84239C51-A3F9-E1BD-2EE0-455362CDF0D4"/>
</indexColumnUsage>
</ind_PK_UK>
<ind_PK_UK id="75660FC3-459B-B334-9A7D-B3414D8C5845" name="owner_pet">
<createdBy>rissten</createdBy>
<createdTime>2023-09-12 07:52:17 UTC</createdTime>
<generatorID>5E616A41-46B5-CF13-47C3-1D2CD0F12F88</generatorID>
<ownerDesignName>pet_first_oracle_model</ownerDesignName>
<indexState>Foreign Key</indexState>
<isSurrogateKey>false</isSurrogateKey>
<indexColumnUsage>
<colUsage columnID="E9D24E5D-B184-5D79-E9AA-FAD1A4A698FB"/>
</indexColumnUsage>
</ind_PK_UK>
</indexes>
</Table>
