<?xml version = '1.0' encoding = 'UTF-8'?>
<Table class="oracle.dbtools.crest.model.design.relational.Table" directorySegmentName="seg_0" id="AE98B23E-3DF3-6032-337E-053482BE8ABF" name="SERVICE_ACC">
<createdBy>rissten</createdBy>
<createdTime>2023-09-12 07:52:17 UTC</createdTime>
<generatorID>20378F1C-7E7C-69C0-3B1E-B9A63DF02DCF</generatorID>
<ownerDesignName>pet_first_oracle_model</ownerDesignName>
<allowColumnReorder>false</allowColumnReorder>
<existDependencyGenerateInDDl>true</existDependencyGenerateInDDl>
<parsed>true</parsed>
<columns itemClass="oracle.dbtools.crest.model.design.relational.Column">
<Column name="service_acc_id" id="300E13CC-B77F-28B3-AD16-430B98EA793C">
<createdBy>rissten</createdBy>
<createdTime>2023-09-12 07:52:17 UTC</createdTime>
<commentInRDBMS><![CDATA[the surrogate key for service_acc]]></commentInRDBMS>
<generatorID>247F7E97-CBEC-85EB-6C99-746A6BD1BAD6</generatorID>
<ownerDesignName>pet_first_oracle_model</ownerDesignName>
<useDomainConstraints>false</useDomainConstraints>
<use>1</use>
<logicalDatatype>LOGDT019</logicalDatatype>
<dataTypePrecision>7</dataTypePrecision>
<ownDataTypeParameters>,7,</ownDataTypeParameters>
<autoIncrementCycle>false</autoIncrementCycle>
</Column>
<Column name="visit_date_time" id="49D017BD-F2C6-2940-8A29-2678E8B16B0B">
<createdBy>rissten</createdBy>
<createdTime>2023-09-12 07:52:17 UTC</createdTime>
<commentInRDBMS><![CDATA[date and time of the visit]]></commentInRDBMS>
<generatorID>AAF0ACF2-8FA9-8509-22B4-61B3A130D193</generatorID>
<ownerDesignName>pet_first_oracle_model</ownerDesignName>
<useDomainConstraints>false</useDomainConstraints>
<use>1</use>
<logicalDatatype>LOGDT007</logicalDatatype>
<ownDataTypeParameters>,,</ownDataTypeParameters>
<previousColumn>false</previousColumn>
<autoIncrementCycle>false</autoIncrementCycle>
<associations>
<colAssociation fkAssociation="F3D355E6-F043-6E6D-A3C4-4FC61AE14391" referredColumn="9E705696-04B6-DD0C-3FD8-FF17C6DAC0CD"/>
</associations>
</Column>
<Column name="vet_id" id="6D6FC05D-792E-FD7A-97E7-E9C0D921174A">
<createdBy>rissten</createdBy>
<createdTime>2023-09-12 07:52:17 UTC</createdTime>
<commentInRDBMS><![CDATA[identification number of vet]]></commentInRDBMS>
<generatorID>AC4AF964-FCF6-9B2F-82D7-34CE91682B71</generatorID>
<ownerDesignName>pet_first_oracle_model</ownerDesignName>
<useDomainConstraints>false</useDomainConstraints>
<use>1</use>
<logicalDatatype>LOGDT019</logicalDatatype>
<dataTypePrecision>7</dataTypePrecision>
<ownDataTypeParameters>,,</ownDataTypeParameters>
<previousColumn>false</previousColumn>
<autoIncrementCycle>false</autoIncrementCycle>
<associations>
<colAssociation fkAssociation="F3D355E6-F043-6E6D-A3C4-4FC61AE14391" referredColumn="1078342A-BD1D-EEE7-D9B6-85E44E3DC427"/>
</associations>
</Column>
<Column name="service_code" id="C065BC85-6322-56A7-BF98-F0110BD2D5C2">
<createdBy>rissten</createdBy>
<createdTime>2023-09-12 07:52:17 UTC</createdTime>
<commentInRDBMS><![CDATA[identifier for service]]></commentInRDBMS>
<generatorID>05FF18BA-B2A9-FEDE-FF4D-59DF008748B1</generatorID>
<ownerDesignName>pet_first_oracle_model</ownerDesignName>
<useDomainConstraints>false</useDomainConstraints>
<use>1</use>
<logicalDatatype>LOGDT019</logicalDatatype>
<dataTypePrecision>7</dataTypePrecision>
<ownDataTypeParameters>,,</ownDataTypeParameters>
<previousColumn>false</previousColumn>
<autoIncrementCycle>false</autoIncrementCycle>
<associations>
<colAssociation fkAssociation="AE6B7FBE-C66A-1398-539C-733D373B3B1E" referredColumn="D2D7A16D-1018-D370-13A8-200D3D04AC06"/>
</associations>
</Column>
<Column name="service_acc_linecost" id="0531C4C6-F7EE-6F30-7DE5-7C2ECFF00173">
<createdBy>rissten</createdBy>
<createdTime>2023-09-12 07:52:17 UTC</createdTime>
<commentInRDBMS><![CDATA[the line cost for service]]></commentInRDBMS>
<generatorID>5F483E27-A621-62BB-2D36-220A1AFAE7EE</generatorID>
<ownerDesignName>pet_first_oracle_model</ownerDesignName>
<useDomainConstraints>false</useDomainConstraints>
<use>1</use>
<logicalDatatype>LOGDT019</logicalDatatype>
<dataTypePrecision>5</dataTypePrecision>
<dataTypeScale>2</dataTypeScale>
<ownDataTypeParameters>,5,2</ownDataTypeParameters>
<autoIncrementCycle>false</autoIncrementCycle>
</Column>
</columns>
<indexes itemClass="oracle.dbtools.crest.model.design.relational.Index">
<ind_PK_UK id="2A7EC5B6-8128-A60B-FA14-ADC337DC80B7" name="SERVICE_ACC_PK">
<createdBy>rissten</createdBy>
<createdTime>2023-09-12 07:52:17 UTC</createdTime>
<generatorID>1778B5A4-3E9B-F8AB-6B14-55F15B7C265F</generatorID>
<ownerDesignName>pet_first_oracle_model</ownerDesignName>
<pk>true</pk>
<indexState>Primary Constraint</indexState>
<isSurrogateKey>false</isSurrogateKey>
<indexColumnUsage>
<colUsage columnID="300E13CC-B77F-28B3-AD16-430B98EA793C"/>
</indexColumnUsage>
</ind_PK_UK>
<ind_PK_UK id="4B6053BB-49C6-57B2-A477-4E3B4F5899CA" name="SERVICE_ACC_NK">
<createdBy>rissten</createdBy>
<createdTime>2023-09-12 07:52:17 UTC</createdTime>
<generatorID>48C7D978-DC53-D4A6-59FF-F9FE302371AB</generatorID>
<ownerDesignName>pet_first_oracle_model</ownerDesignName>
<indexState>Unique Constraint</indexState>
<isSurrogateKey>false</isSurrogateKey>
<indexColumnUsage>
<colUsage columnID="49D017BD-F2C6-2940-8A29-2678E8B16B0B"/>
<colUsage columnID="C065BC85-6322-56A7-BF98-F0110BD2D5C2"/>
<colUsage columnID="6D6FC05D-792E-FD7A-97E7-E9C0D921174A"/>
</indexColumnUsage>
</ind_PK_UK>
<ind_PK_UK id="C8BBFEA0-42BD-990E-95CC-3C2F03212D8D" name="service_service_acc">
<createdBy>rissten</createdBy>
<createdTime>2023-09-12 07:52:17 UTC</createdTime>
<generatorID>0D997801-4786-22CF-E1AF-EA5777C122A2</generatorID>
<ownerDesignName>pet_first_oracle_model</ownerDesignName>
<indexState>Foreign Key</indexState>
<isSurrogateKey>false</isSurrogateKey>
<indexColumnUsage>
<colUsage columnID="C065BC85-6322-56A7-BF98-F0110BD2D5C2"/>
</indexColumnUsage>
</ind_PK_UK>
<ind_PK_UK id="6D6B67A1-597E-A428-AC84-9F391DDC4E52" name="visit_service_acc">
<createdBy>rissten</createdBy>
<createdTime>2023-09-12 07:52:17 UTC</createdTime>
<generatorID>D0958703-9E37-B00A-1622-CDEE2E94C02C</generatorID>
<ownerDesignName>pet_first_oracle_model</ownerDesignName>
<indexState>Foreign Key</indexState>
<isSurrogateKey>false</isSurrogateKey>
<indexColumnUsage>
<colUsage columnID="49D017BD-F2C6-2940-8A29-2678E8B16B0B"/>
<colUsage columnID="6D6FC05D-792E-FD7A-97E7-E9C0D921174A"/>
</indexColumnUsage>
</ind_PK_UK>
</indexes>
</Table>
