<?xml version = '1.0' encoding = 'UTF-8'?>
<Table class="oracle.dbtools.crest.model.design.relational.Table" directorySegmentName="seg_0" id="CA08CEF3-1D6D-C3C4-21DC-D2076A6E61AA" name="PRESCRIBE">
<createdBy>rissten</createdBy>
<createdTime>2023-09-12 07:52:17 UTC</createdTime>
<generatorID>46584662-3862-326D-A730-CF171FEFDD8D</generatorID>
<ownerDesignName>pet_first_oracle_model</ownerDesignName>
<allowColumnReorder>false</allowColumnReorder>
<existDependencyGenerateInDDl>true</existDependencyGenerateInDDl>
<parsed>true</parsed>
<columns itemClass="oracle.dbtools.crest.model.design.relational.Column">
<Column name="pres_no" id="2DCF141D-5B37-B5A8-D6C1-9CDC95F6A601">
<createdBy>rissten</createdBy>
<createdTime>2023-09-12 07:52:17 UTC</createdTime>
<commentInRDBMS><![CDATA[Identifier for prescription with respect to surrogate key.]]></commentInRDBMS>
<generatorID>1ACFA408-E1E8-3691-17F4-AA086E58E933</generatorID>
<ownerDesignName>pet_first_oracle_model</ownerDesignName>
<useDomainConstraints>false</useDomainConstraints>
<use>1</use>
<logicalDatatype>LOGDT019</logicalDatatype>
<dataTypePrecision>7</dataTypePrecision>
<ownDataTypeParameters>,7,</ownDataTypeParameters>
<autoIncrementCycle>false</autoIncrementCycle>
</Column>
<Column name="visit_date_time" id="73A1B607-E92A-78D0-455A-0D1C70143410">
<createdBy>rissten</createdBy>
<createdTime>2023-09-12 07:52:17 UTC</createdTime>
<commentInRDBMS><![CDATA[date and time of the visit]]></commentInRDBMS>
<generatorID>76CCC802-E6AE-3CEE-0F63-1A3CA21F62BF</generatorID>
<ownerDesignName>pet_first_oracle_model</ownerDesignName>
<useDomainConstraints>false</useDomainConstraints>
<use>1</use>
<logicalDatatype>LOGDT007</logicalDatatype>
<ownDataTypeParameters>,,</ownDataTypeParameters>
<previousColumn>false</previousColumn>
<autoIncrementCycle>false</autoIncrementCycle>
<associations>
<colAssociation fkAssociation="83050484-B784-476D-3147-D00F14F58A93" referredColumn="9E705696-04B6-DD0C-3FD8-FF17C6DAC0CD"/>
</associations>
</Column>
<Column name="vet_id" id="562A5377-C943-E303-EB1D-CEA8A81179A9">
<createdBy>rissten</createdBy>
<createdTime>2023-09-12 07:52:17 UTC</createdTime>
<commentInRDBMS><![CDATA[identification number of vet]]></commentInRDBMS>
<generatorID>72515019-10E3-30A8-1A96-E45D038089F2</generatorID>
<ownerDesignName>pet_first_oracle_model</ownerDesignName>
<useDomainConstraints>false</useDomainConstraints>
<use>1</use>
<logicalDatatype>LOGDT019</logicalDatatype>
<dataTypePrecision>7</dataTypePrecision>
<ownDataTypeParameters>,,</ownDataTypeParameters>
<previousColumn>false</previousColumn>
<autoIncrementCycle>false</autoIncrementCycle>
<associations>
<colAssociation fkAssociation="83050484-B784-476D-3147-D00F14F58A93" referredColumn="1078342A-BD1D-EEE7-D9B6-85E44E3DC427"/>
</associations>
</Column>
<Column name="drug_id" id="C7EBA1A1-E996-25A1-C4DB-F7886B1C2785">
<createdBy>rissten</createdBy>
<createdTime>2023-09-12 07:52:17 UTC</createdTime>
<commentInRDBMS><![CDATA[Identification number for Drug]]></commentInRDBMS>
<generatorID>5A11A7A0-590E-F3D5-C9C7-DE4CF001DA43</generatorID>
<ownerDesignName>pet_first_oracle_model</ownerDesignName>
<useDomainConstraints>false</useDomainConstraints>
<use>1</use>
<logicalDatatype>LOGDT019</logicalDatatype>
<dataTypePrecision>7</dataTypePrecision>
<ownDataTypeParameters>,,</ownDataTypeParameters>
<previousColumn>false</previousColumn>
<autoIncrementCycle>false</autoIncrementCycle>
<associations>
<colAssociation fkAssociation="DE66943E-AEB3-2D33-5311-B6B2D3871F18" referredColumn="77846AEB-D496-D1EB-2C7D-CEAFCDC98D37"/>
</associations>
</Column>
<Column name="pres_drug_dose" id="4B7A6499-8C8E-41E2-DC39-DA711D1C2A34">
<createdBy>rissten</createdBy>
<createdTime>2023-09-12 07:52:17 UTC</createdTime>
<commentInRDBMS><![CDATA[the dose of drug]]></commentInRDBMS>
<generatorID>4C6E1E0D-1E91-3E33-8D82-54012D4B280F</generatorID>
<ownerDesignName>pet_first_oracle_model</ownerDesignName>
<useDomainConstraints>false</useDomainConstraints>
<use>1</use>
<logicalDatatype>LOGDT024</logicalDatatype>
<dataTypeSize>10</dataTypeSize>
<ownDataTypeParameters>10,,</ownDataTypeParameters>
<autoIncrementCycle>false</autoIncrementCycle>
</Column>
<Column name="pres_drug_frequency" id="9C1EAF81-6B0E-3BB5-327A-714D9BDD2551">
<createdBy>rissten</createdBy>
<createdTime>2023-09-12 07:52:17 UTC</createdTime>
<commentInRDBMS><![CDATA[the frequency of drug]]></commentInRDBMS>
<generatorID>04E5ECE5-CB2B-2CBB-F097-DFABE6467D71</generatorID>
<ownerDesignName>pet_first_oracle_model</ownerDesignName>
<useDomainConstraints>false</useDomainConstraints>
<use>1</use>
<logicalDatatype>LOGDT024</logicalDatatype>
<dataTypeSize>15</dataTypeSize>
<ownDataTypeParameters>15,,</ownDataTypeParameters>
<autoIncrementCycle>false</autoIncrementCycle>
</Column>
<Column name="pres_drug_qtysupplied" id="F364FE13-A6DE-BC31-100B-D0EA2F6266FA">
<createdBy>rissten</createdBy>
<createdTime>2023-09-12 07:52:17 UTC</createdTime>
<commentInRDBMS><![CDATA[the quantity supplied of drug]]></commentInRDBMS>
<generatorID>C37C82A6-F6C2-8244-24B8-956926745491</generatorID>
<ownerDesignName>pet_first_oracle_model</ownerDesignName>
<useDomainConstraints>false</useDomainConstraints>
<use>1</use>
<logicalDatatype>LOGDT019</logicalDatatype>
<dataTypePrecision>3</dataTypePrecision>
<ownDataTypeParameters>,3,</ownDataTypeParameters>
<autoIncrementCycle>false</autoIncrementCycle>
</Column>
<Column name="pres_drug_linecost" id="A8DF3CF3-FCE4-9ACD-A6D6-E5FFB0C7BC45">
<createdBy>rissten</createdBy>
<createdTime>2023-09-12 07:52:17 UTC</createdTime>
<commentInRDBMS><![CDATA[the line cost of drug]]></commentInRDBMS>
<generatorID>6177B383-3A28-04C5-EF0B-4A9C9FD8FDDC</generatorID>
<ownerDesignName>pet_first_oracle_model</ownerDesignName>
<useDomainConstraints>false</useDomainConstraints>
<use>1</use>
<logicalDatatype>LOGDT019</logicalDatatype>
<dataTypePrecision>5</dataTypePrecision>
<dataTypeScale>3</dataTypeScale>
<ownDataTypeParameters>,5,3</ownDataTypeParameters>
<autoIncrementCycle>false</autoIncrementCycle>
</Column>
</columns>
<indexes itemClass="oracle.dbtools.crest.model.design.relational.Index">
<ind_PK_UK id="0163F6FF-DA38-4B20-9AE6-30A5A789A29D" name="PRESCRIBE_PK">
<createdBy>rissten</createdBy>
<createdTime>2023-09-12 07:52:17 UTC</createdTime>
<generatorID>11077D6A-515B-3A87-6F65-3AE7EE405844</generatorID>
<ownerDesignName>pet_first_oracle_model</ownerDesignName>
<pk>true</pk>
<indexState>Primary Constraint</indexState>
<isSurrogateKey>false</isSurrogateKey>
<indexColumnUsage>
<colUsage columnID="2DCF141D-5B37-B5A8-D6C1-9CDC95F6A601"/>
</indexColumnUsage>
</ind_PK_UK>
<ind_PK_UK id="E608D57E-3A89-7A37-EB39-ADC75D2B01D6" name="PRESCRIBE_NK">
<createdBy>rissten</createdBy>
<createdTime>2023-09-12 07:52:17 UTC</createdTime>
<generatorID>D36BF9B5-13D8-6055-535F-47AEB55EA48C</generatorID>
<ownerDesignName>pet_first_oracle_model</ownerDesignName>
<indexState>Unique Constraint</indexState>
<isSurrogateKey>false</isSurrogateKey>
<indexColumnUsage>
<colUsage columnID="73A1B607-E92A-78D0-455A-0D1C70143410"/>
<colUsage columnID="562A5377-C943-E303-EB1D-CEA8A81179A9"/>
<colUsage columnID="C7EBA1A1-E996-25A1-C4DB-F7886B1C2785"/>
</indexColumnUsage>
</ind_PK_UK>
<ind_PK_UK id="BD9BFD87-6E87-7CEF-3434-5559C9D6D730" name="drug_prescribe">
<createdBy>rissten</createdBy>
<createdTime>2023-09-12 07:52:17 UTC</createdTime>
<generatorID>9835F7B8-B2CB-8A5C-B22D-1BF8ADA7DD05</generatorID>
<ownerDesignName>pet_first_oracle_model</ownerDesignName>
<indexState>Foreign Key</indexState>
<isSurrogateKey>false</isSurrogateKey>
<indexColumnUsage>
<colUsage columnID="C7EBA1A1-E996-25A1-C4DB-F7886B1C2785"/>
</indexColumnUsage>
</ind_PK_UK>
<ind_PK_UK id="E6F3DB26-6249-78AB-8917-5BAF2767FEA9" name="visit_prescribe">
<createdBy>rissten</createdBy>
<createdTime>2023-09-12 07:52:17 UTC</createdTime>
<generatorID>6FF2FD65-3DF1-DFC3-2280-AC737D65759E</generatorID>
<ownerDesignName>pet_first_oracle_model</ownerDesignName>
<indexState>Foreign Key</indexState>
<isSurrogateKey>false</isSurrogateKey>
<indexColumnUsage>
<colUsage columnID="73A1B607-E92A-78D0-455A-0D1C70143410"/>
<colUsage columnID="562A5377-C943-E303-EB1D-CEA8A81179A9"/>
</indexColumnUsage>
</ind_PK_UK>
</indexes>
</Table>
