<?xml version = '1.0' encoding = 'UTF-8'?>
<Table class="oracle.dbtools.crest.model.design.relational.Table" directorySegmentName="seg_0" id="EB406CAE-D6D4-D549-2E0C-76BBD71BC1F2" name="OWNER">
<createdBy>rissten</createdBy>
<createdTime>2023-09-12 07:52:17 UTC</createdTime>
<generatorID>C7825A8C-E8BD-D991-4FCB-DA6B2B099BFB</generatorID>
<ownerDesignName>pet_first_oracle_model</ownerDesignName>
<allowColumnReorder>false</allowColumnReorder>
<existDependencyGenerateInDDl>true</existDependencyGenerateInDDl>
<parsed>true</parsed>
<columns itemClass="oracle.dbtools.crest.model.design.relational.Column">
<Column name="owner_id" id="36B124D5-4535-1D87-424D-6BB68193971C">
<createdBy>rissten</createdBy>
<createdTime>2023-09-12 07:52:17 UTC</createdTime>
<commentInRDBMS><![CDATA[identification number for owner]]></commentInRDBMS>
<generatorID>239D4000-7D67-7936-06A6-F0F152F41C2B</generatorID>
<ownerDesignName>pet_first_oracle_model</ownerDesignName>
<useDomainConstraints>false</useDomainConstraints>
<use>1</use>
<logicalDatatype>LOGDT019</logicalDatatype>
<dataTypePrecision>7</dataTypePrecision>
<ownDataTypeParameters>,7,</ownDataTypeParameters>
<autoIncrementCycle>false</autoIncrementCycle>
</Column>
<Column name="owner_givname" id="8F2B029E-CA39-BC20-91F3-6AE0DE4970BD">
<createdBy>rissten</createdBy>
<createdTime>2023-09-12 07:52:17 UTC</createdTime>
<commentInRDBMS><![CDATA[owner's given name]]></commentInRDBMS>
<generatorID>C31E5345-DBBE-8427-98BA-8F6B9DB2A6EA</generatorID>
<ownerDesignName>pet_first_oracle_model</ownerDesignName>
<nullsAllowed>true</nullsAllowed>
<useDomainConstraints>false</useDomainConstraints>
<use>1</use>
<logicalDatatype>LOGDT024</logicalDatatype>
<dataTypeSize>25</dataTypeSize>
<ownDataTypeParameters>25,,</ownDataTypeParameters>
<autoIncrementCycle>false</autoIncrementCycle>
</Column>
<Column name="owner_famname" id="8644D538-C7B8-03F0-D57F-CDABFBA81381">
<createdBy>rissten</createdBy>
<createdTime>2023-09-12 07:52:17 UTC</createdTime>
<commentInRDBMS><![CDATA[owner's family name]]></commentInRDBMS>
<generatorID>796213BB-2571-01DC-09EF-FED252E60A84</generatorID>
<ownerDesignName>pet_first_oracle_model</ownerDesignName>
<nullsAllowed>true</nullsAllowed>
<useDomainConstraints>false</useDomainConstraints>
<use>1</use>
<logicalDatatype>LOGDT024</logicalDatatype>
<dataTypeSize>25</dataTypeSize>
<ownDataTypeParameters>25,,</ownDataTypeParameters>
<autoIncrementCycle>false</autoIncrementCycle>
</Column>
<Column name="owner_cont_num" id="C1021082-EB32-BA30-0919-F28DDD981BE4">
<createdBy>rissten</createdBy>
<createdTime>2023-09-12 07:52:17 UTC</createdTime>
<commentInRDBMS><![CDATA[owner's contact number]]></commentInRDBMS>
<generatorID>A91029EA-7730-947B-1501-3B8B0AB61429</generatorID>
<ownerDesignName>pet_first_oracle_model</ownerDesignName>
<useDomainConstraints>false</useDomainConstraints>
<use>1</use>
<logicalDatatype>LOGDT025</logicalDatatype>
<dataTypeSize>10</dataTypeSize>
<ownDataTypeParameters>10,,</ownDataTypeParameters>
<autoIncrementCycle>false</autoIncrementCycle>
</Column>
</columns>
<indexes itemClass="oracle.dbtools.crest.model.design.relational.Index">
<ind_PK_UK id="6E895B5D-9509-E6CF-DA68-67393443E377" name="OWNER_PK">
<createdBy>rissten</createdBy>
<createdTime>2023-09-12 07:52:17 UTC</createdTime>
<generatorID>486B836C-BCAD-0293-F8DA-5069BF175C0F</generatorID>
<ownerDesignName>pet_first_oracle_model</ownerDesignName>
<pk>true</pk>
<indexState>Primary Constraint</indexState>
<isSurrogateKey>false</isSurrogateKey>
<indexColumnUsage>
<colUsage columnID="36B124D5-4535-1D87-424D-6BB68193971C"/>
</indexColumnUsage>
</ind_PK_UK>
</indexes>
</Table>
