<?xml version = '1.0' encoding = 'UTF-8'?>
<FKIndexAssociation class="oracle.dbtools.crest.model.design.relational.FKIndexAssociation" directorySegmentName="seg_0" id="032A19EB-15F8-94C9-42B3-954E6C196983" containerWithKeyObject="57DA61FE-C265-7ADA-B4A8-86996A446D12" localFKIndex="F1C65A36-8193-DC03-1C5E-FFB9A392A58A" name="pet_visit">
<createdBy>rissten</createdBy>
<createdTime>2023-09-12 07:52:17 UTC</createdTime>
<generatorID>28F54200-D43F-9D0A-55AE-333BB5B29E66</generatorID>
<ownerDesignName>pet_first_oracle_model</ownerDesignName>
<referredTableLongName>PET</referredTableLongName>
<deleteRule>NO ACTION</deleteRule>
<referredTableID>6C69BDB1-A616-33C9-25C3-4B7518DDA044</referredTableID>
<keyObject>3E8B8522-5934-ED9F-8982-C7F3DB15A822</keyObject>
<referredKeyID>3E8B8522-5934-ED9F-8982-C7F3DB15A822</referredKeyID>
<mandatory>true</mandatory>
<refColNames>pet_id</refColNames>
<transferable>true</transferable>
<rely>false</rely>
<columnDependencyConstraintGenerateInDDL>true</columnDependencyConstraintGenerateInDDL>
</FKIndexAssociation>
