<?xml version = '1.0' encoding = 'UTF-8'?>
<FKIndexAssociation class="oracle.dbtools.crest.model.design.relational.FKIndexAssociation" directorySegmentName="seg_0" id="64006543-3BA0-17C5-0ACD-D76DA0A96507" containerWithKeyObject="6C69BDB1-A616-33C9-25C3-4B7518DDA044" localFKIndex="D5969769-58B2-21C9-DDD3-7383B681503A" name="animaltype_pet">
<createdBy>rissten</createdBy>
<createdTime>2023-09-12 07:52:17 UTC</createdTime>
<generatorID>D0740021-5CA7-B43B-A32E-93698D6A09E8</generatorID>
<ownerDesignName>pet_first_oracle_model</ownerDesignName>
<referredTableLongName>PET_TYPE</referredTableLongName>
<deleteRule>NO ACTION</deleteRule>
<referredTableID>D8A36A06-738F-DF0F-B67E-D927E2E7F38A</referredTableID>
<keyObject>2BBB6BE7-F00E-0C5F-F964-BDC7A15D8C8A</keyObject>
<referredKeyID>2BBB6BE7-F00E-0C5F-F964-BDC7A15D8C8A</referredKeyID>
<mandatory>true</mandatory>
<refColNames>pet_type_id</refColNames>
<transferable>true</transferable>
<rely>false</rely>
<columnDependencyConstraintGenerateInDDL>true</columnDependencyConstraintGenerateInDDL>
</FKIndexAssociation>
