<?xml version = '1.0' encoding = 'UTF-8'?>
<FKIndexAssociation class="oracle.dbtools.crest.model.design.relational.FKIndexAssociation" directorySegmentName="seg_0" id="6FD03D88-1A4C-4425-F859-BC7AB2114058" containerWithKeyObject="5772996E-8264-33A0-3A42-14A72B821FDC" localFKIndex="8816FBE1-841E-9A89-DFC1-956F83670C35" name="training_panticipant">
<createdBy>rissten</createdBy>
<createdTime>2023-09-12 07:52:17 UTC</createdTime>
<generatorID>2216B0EC-5233-D667-321E-601521DEA04A</generatorID>
<ownerDesignName>pet_first_oracle_model</ownerDesignName>
<referredTableLongName>TRAINING</referredTableLongName>
<deleteRule>NO ACTION</deleteRule>
<referredTableID>2C45982B-6C88-17CC-1743-DE4A1FCCE8C5</referredTableID>
<keyObject>8C9AB2F5-95CE-5AEC-0381-2047D75A2B69</keyObject>
<referredKeyID>8C9AB2F5-95CE-5AEC-0381-2047D75A2B69</referredKeyID>
<mandatory>true</mandatory>
<refColNames>train_id</refColNames>
<transferable>true</transferable>
<rely>false</rely>
<columnDependencyConstraintGenerateInDDL>true</columnDependencyConstraintGenerateInDDL>
</FKIndexAssociation>
