<?xml version = '1.0' encoding = 'UTF-8'?>
<FKIndexAssociation class="oracle.dbtools.crest.model.design.relational.FKIndexAssociation" directorySegmentName="seg_0" id="755D41BF-02FD-EA02-8A82-3BA58CF44F0A" containerWithKeyObject="976C49FA-5F1C-ADE4-104E-F4E2C4A00BE1" localFKIndex="26819A72-B5C8-BAFE-1401-3AB686546F01" name="headvet_clinic">
<createdBy>rissten</createdBy>
<createdTime>2023-09-12 07:52:17 UTC</createdTime>
<generatorID>62021745-B734-49D9-C5BD-63CD48D4599F</generatorID>
<ownerDesignName>pet_first_oracle_model</ownerDesignName>
<referredTableLongName>VET</referredTableLongName>
<deleteRule>NO ACTION</deleteRule>
<referredTableID>6AD3B2BA-5327-E247-7AE7-842FA9A1088E</referredTableID>
<keyObject>4C031F4D-02E1-2D86-061A-549ED768BB78</keyObject>
<referredKeyID>4C031F4D-02E1-2D86-061A-549ED768BB78</referredKeyID>
<mandatory>true</mandatory>
<refColNames>vet_id</refColNames>
<transferable>true</transferable>
<rely>false</rely>
<columnDependencyConstraintGenerateInDDL>true</columnDependencyConstraintGenerateInDDL>
</FKIndexAssociation>
