<?xml version = '1.0' encoding = 'UTF-8'?>
<FKIndexAssociation class="oracle.dbtools.crest.model.design.relational.FKIndexAssociation" directorySegmentName="seg_0" id="83050484-B784-476D-3147-D00F14F58A93" containerWithKeyObject="CA08CEF3-1D6D-C3C4-21DC-D2076A6E61AA" localFKIndex="E6F3DB26-6249-78AB-8917-5BAF2767FEA9" name="visit_prescribe">
<createdBy>rissten</createdBy>
<createdTime>2023-09-12 07:52:17 UTC</createdTime>
<generatorID>6FF2FD65-3DF1-DFC3-2280-AC737D65759E</generatorID>
<ownerDesignName>pet_first_oracle_model</ownerDesignName>
<referredTableLongName>VISIT</referredTableLongName>
<deleteRule>NO ACTION</deleteRule>
<referredTableID>57DA61FE-C265-7ADA-B4A8-86996A446D12</referredTableID>
<keyObject>53D376CF-5785-6B93-D0DB-2EFB6B387CBF</keyObject>
<referredKeyID>53D376CF-5785-6B93-D0DB-2EFB6B387CBF</referredKeyID>
<mandatory>true</mandatory>
<refColNames>visit_date_time,vet_id</refColNames>
<transferable>true</transferable>
<rely>false</rely>
<columnDependencyConstraintGenerateInDDL>true</columnDependencyConstraintGenerateInDDL>
</FKIndexAssociation>
