<?xml version = '1.0' encoding = 'UTF-8'?>
<FKIndexAssociation class="oracle.dbtools.crest.model.design.relational.FKIndexAssociation" directorySegmentName="seg_0" id="AE6B7FBE-C66A-1398-539C-733D373B3B1E" containerWithKeyObject="AE98B23E-3DF3-6032-337E-053482BE8ABF" localFKIndex="C8BBFEA0-42BD-990E-95CC-3C2F03212D8D" name="service_service_acc">
<createdBy>rissten</createdBy>
<createdTime>2023-09-12 07:52:17 UTC</createdTime>
<generatorID>0D997801-4786-22CF-E1AF-EA5777C122A2</generatorID>
<ownerDesignName>pet_first_oracle_model</ownerDesignName>
<referredTableLongName>SERVICE</referredTableLongName>
<deleteRule>NO ACTION</deleteRule>
<referredTableID>04760272-6C0F-48DA-16BF-0426C99EDD0D</referredTableID>
<keyObject>6D32BD93-3D06-4256-9B1D-A04A5990EDA4</keyObject>
<referredKeyID>6D32BD93-3D06-4256-9B1D-A04A5990EDA4</referredKeyID>
<mandatory>true</mandatory>
<refColNames>service_code</refColNames>
<transferable>true</transferable>
<rely>false</rely>
<columnDependencyConstraintGenerateInDDL>true</columnDependencyConstraintGenerateInDDL>
</FKIndexAssociation>
