<?xml version = '1.0' encoding = 'UTF-8'?>
<FKIndexAssociation class="oracle.dbtools.crest.model.design.relational.FKIndexAssociation" directorySegmentName="seg_0" id="C477E779-6AFD-E19F-B452-FEE9FC36FEA5" containerWithKeyObject="57DA61FE-C265-7ADA-B4A8-86996A446D12" localFKIndex="96219D39-3F03-BE71-CF82-25A47778C0BD" name="visit_followup">
<createdBy>rissten</createdBy>
<createdTime>2023-09-12 07:52:17 UTC</createdTime>
<generatorID>D6777462-6697-D52C-B849-CEF245EA7E93</generatorID>
<ownerDesignName>pet_first_oracle_model</ownerDesignName>
<referredTableLongName>VISIT</referredTableLongName>
<deleteRule>NO ACTION</deleteRule>
<referredTableID>57DA61FE-C265-7ADA-B4A8-86996A446D12</referredTableID>
<keyObject>53D376CF-5785-6B93-D0DB-2EFB6B387CBF</keyObject>
<referredKeyID>53D376CF-5785-6B93-D0DB-2EFB6B387CBF</referredKeyID>
<mandatory>false</mandatory>
<refColNames>visit_date_time,vet_id</refColNames>
<transferable>true</transferable>
<rely>false</rely>
<columnDependencyConstraintGenerateInDDL>true</columnDependencyConstraintGenerateInDDL>
</FKIndexAssociation>
