<?xml version = '1.0' encoding = 'UTF-8'?>
<FKIndexAssociation class="oracle.dbtools.crest.model.design.relational.FKIndexAssociation" directorySegmentName="seg_0" id="C68F0F00-8C08-537E-1BC4-0D91947DCBF5" containerWithKeyObject="57DA61FE-C265-7ADA-B4A8-86996A446D12" localFKIndex="BA89D59D-174F-3F96-5E83-D537D20A2BFB" name="vet_visit">
<createdBy>rissten</createdBy>
<createdTime>2023-09-12 07:52:17 UTC</createdTime>
<generatorID>04D80A70-BB10-213D-EBA3-A1D4491BE5D1</generatorID>
<ownerDesignName>pet_first_oracle_model</ownerDesignName>
<referredTableLongName>VET</referredTableLongName>
<deleteRule>NO ACTION</deleteRule>
<referredTableID>6AD3B2BA-5327-E247-7AE7-842FA9A1088E</referredTableID>
<keyObject>4C031F4D-02E1-2D86-061A-549ED768BB78</keyObject>
<referredKeyID>4C031F4D-02E1-2D86-061A-549ED768BB78</referredKeyID>
<mandatory>true</mandatory>
<refColNames>vet_id</refColNames>
<transferable>true</transferable>
<rely>false</rely>
<columnDependencyConstraintGenerateInDDL>true</columnDependencyConstraintGenerateInDDL>
</FKIndexAssociation>
