<?xml version = '1.0' encoding = 'UTF-8'?>
<FKIndexAssociation class="oracle.dbtools.crest.model.design.relational.FKIndexAssociation" directorySegmentName="seg_0" id="DE66943E-AEB3-2D33-5311-B6B2D3871F18" containerWithKeyObject="CA08CEF3-1D6D-C3C4-21DC-D2076A6E61AA" localFKIndex="BD9BFD87-6E87-7CEF-3434-5559C9D6D730" name="drug_prescribe">
<createdBy>rissten</createdBy>
<createdTime>2023-09-12 07:52:17 UTC</createdTime>
<generatorID>9835F7B8-B2CB-8A5C-B22D-1BF8ADA7DD05</generatorID>
<ownerDesignName>pet_first_oracle_model</ownerDesignName>
<referredTableLongName>DRUG</referredTableLongName>
<deleteRule>NO ACTION</deleteRule>
<referredTableID>2E6469AA-6D1B-16B5-F341-2140BAAEAAA4</referredTableID>
<keyObject>565D6BC0-159D-C735-A8C8-7561F803BAC5</keyObject>
<referredKeyID>565D6BC0-159D-C735-A8C8-7561F803BAC5</referredKeyID>
<mandatory>true</mandatory>
<refColNames>drug_id</refColNames>
<transferable>true</transferable>
<rely>false</rely>
<columnDependencyConstraintGenerateInDDL>true</columnDependencyConstraintGenerateInDDL>
</FKIndexAssociation>
