<?xml version = '1.0' encoding = 'UTF-8'?>
<FKIndexAssociation class="oracle.dbtools.crest.model.design.relational.FKIndexAssociation" directorySegmentName="seg_0" id="F3D355E6-F043-6E6D-A3C4-4FC61AE14391" containerWithKeyObject="AE98B23E-3DF3-6032-337E-053482BE8ABF" localFKIndex="6D6B67A1-597E-A428-AC84-9F391DDC4E52" name="visit_service_acc">
<createdBy>rissten</createdBy>
<createdTime>2023-09-12 07:52:17 UTC</createdTime>
<generatorID>D0958703-9E37-B00A-1622-CDEE2E94C02C</generatorID>
<ownerDesignName>pet_first_oracle_model</ownerDesignName>
<referredTableLongName>VISIT</referredTableLongName>
<deleteRule>NO ACTION</deleteRule>
<referredTableID>57DA61FE-C265-7ADA-B4A8-86996A446D12</referredTableID>
<keyObject>53D376CF-5785-6B93-D0DB-2EFB6B387CBF</keyObject>
<referredKeyID>53D376CF-5785-6B93-D0DB-2EFB6B387CBF</referredKeyID>
<mandatory>true</mandatory>
<refColNames>visit_date_time,vet_id</refColNames>
<transferable>true</transferable>
<rely>false</rely>
<columnDependencyConstraintGenerateInDDL>true</columnDependencyConstraintGenerateInDDL>
</FKIndexAssociation>
