<?xml version = '1.0' encoding = 'UTF-8'?>
<Relation class="oracle.dbtools.crest.model.design.logical.Relation" name="vet_visit" directorySegmentName="seg_0" id="04D80A70-BB10-213D-EBA3-A1D4491BE5D1">
<createdBy>jinxu</createdBy>
<createdTime>2023-09-08 07:52:41 UTC</createdTime>
<ownerDesignName>pet_first_oracle_model</ownerDesignName>
<engineerTo>
<item key="EB5B8F44-056F-A85D-4F8B-CFA53882E368" value="true"/>
</engineerTo>
<sourcePk>77D794F7-26BB-5B19-53E8-1738C876B8D1</sourcePk>
<identifying>true</identifying>
<nameOnSource>attends</nameOnSource>
<nameOnTarget> </nameOnTarget>
<optionalSource>true</optionalSource>
<optionalTarget>false</optionalTarget>
<sourceCardinality>1</sourceCardinality>
<sourceEntity>8C78B0BD-0A01-7B6D-6869-DBACD5F58EFC</sourceEntity>
<targetCardinalityString>*</targetCardinalityString>
<targetEntity>48C58B7B-06FB-3172-B6B9-4DE6DD375D4A</targetEntity>
<transferable>true</transferable>
<deleteRule>NO ACTION</deleteRule>
</Relation>
