<?xml version = '1.0' encoding = 'UTF-8'?>
<Relation class="oracle.dbtools.crest.model.design.logical.Relation" name="service_service_acc" directorySegmentName="seg_0" id="0D997801-4786-22CF-E1AF-EA5777C122A2">
<createdBy>jinxu</createdBy>
<createdTime>2023-09-08 07:56:37 UTC</createdTime>
<ownerDesignName>pet_first_oracle_model</ownerDesignName>
<engineerTo>
<item key="EB5B8F44-056F-A85D-4F8B-CFA53882E368" value="true"/>
</engineerTo>
<sourcePk>B27D0177-42C8-7DCD-5832-DFE4E2CD8225</sourcePk>
<identifying>false</identifying>
<nameOnSource>accesses</nameOnSource>
<nameOnTarget> </nameOnTarget>
<optionalSource>true</optionalSource>
<optionalTarget>false</optionalTarget>
<sourceCardinality>1</sourceCardinality>
<sourceEntity>D71349C8-CD09-68D9-5E58-EA03A3DCA49D</sourceEntity>
<targetCardinalityString>*</targetCardinalityString>
<targetEntity>20378F1C-7E7C-69C0-3B1E-B9A63DF02DCF</targetEntity>
<transferable>true</transferable>
<deleteRule>NO ACTION</deleteRule>
</Relation>
