<?xml version = '1.0' encoding = 'UTF-8'?>
<Relation class="oracle.dbtools.crest.model.design.logical.Relation" name="training_panticipant" directorySegmentName="seg_0" id="2216B0EC-5233-D667-321E-601521DEA04A">
<createdBy>jinxu</createdBy>
<createdTime>2023-09-08 08:02:25 UTC</createdTime>
<ownerDesignName>pet_first_oracle_model</ownerDesignName>
<engineerTo>
<item key="EB5B8F44-056F-A85D-4F8B-CFA53882E368" value="true"/>
</engineerTo>
<sourcePk>1D941967-520D-ED8E-A113-BF2774A77D68</sourcePk>
<identifying>true</identifying>
<nameOnSource>has</nameOnSource>
<nameOnTarget> </nameOnTarget>
<optionalSource>false</optionalSource>
<optionalTarget>false</optionalTarget>
<sourceCardinality>1</sourceCardinality>
<sourceEntity>B154737A-7F5B-1E97-E074-6E41E356763D</sourceEntity>
<targetCardinalityString>*</targetCardinalityString>
<targetEntity>987B3705-5D0C-E8AC-7248-BFA2959C5D7D</targetEntity>
<transferable>true</transferable>
<deleteRule>NO ACTION</deleteRule>
</Relation>
