<?xml version = '1.0' encoding = 'UTF-8'?>
<Relation class="oracle.dbtools.crest.model.design.logical.Relation" name="vet_specialisation" directorySegmentName="seg_0" id="49103468-4090-D406-AAB1-796B985E4064">
<createdBy>Sachin</createdBy>
<createdTime>2023-09-11 12:18:12 UTC</createdTime>
<ownerDesignName>pet_first_oracle_model</ownerDesignName>
<engineerTo>
<item key="EB5B8F44-056F-A85D-4F8B-CFA53882E368" value="true"/>
</engineerTo>
<sourcePk>07DD7EA1-C420-EFBC-8D64-120D13F90ECF</sourcePk>
<identifying>false</identifying>
<nameOnSource>specialised_in</nameOnSource>
<nameOnTarget> </nameOnTarget>
<optionalSource>false</optionalSource>
<optionalTarget>true</optionalTarget>
<sourceCardinality>1</sourceCardinality>
<sourceEntity>DB86F596-27E4-F597-0150-5C9FC6640380</sourceEntity>
<targetCardinalityString>*</targetCardinalityString>
<targetEntity>8C78B0BD-0A01-7B6D-6869-DBACD5F58EFC</targetEntity>
<transferable>true</transferable>
<deleteRule>NO ACTION</deleteRule>
</Relation>
