<?xml version = '1.0' encoding = 'UTF-8'?>
<Relation class="oracle.dbtools.crest.model.design.logical.Relation" name="clinic_belng_vet" directorySegmentName="seg_0" id="5CBE0D84-7AC8-72B7-6F3C-C10CDDBDAC6D">
<createdBy>Sachin</createdBy>
<createdTime>2023-09-08 07:42:15 UTC</createdTime>
<ownerDesignName>pet_first_oracle_model</ownerDesignName>
<engineerTo>
<item key="EB5B8F44-056F-A85D-4F8B-CFA53882E368" value="true"/>
</engineerTo>
<sourcePk>77D794F7-26BB-5B19-53E8-1738C876B8D1</sourcePk>
<targetPk>2BD1AB51-E222-DF9B-C85E-7503C5EB9290</targetPk>
<identifying>false</identifying>
<nameOnSource>belongs_to</nameOnSource>
<nameOnTarget> </nameOnTarget>
<optionalSource>false</optionalSource>
<optionalTarget>false</optionalTarget>
<sourceCardinality>*</sourceCardinality>
<sourceEntity>8C78B0BD-0A01-7B6D-6869-DBACD5F58EFC</sourceEntity>
<targetCardinalityString>1</targetCardinalityString>
<targetEntity>69ADDA9C-4C1F-7851-277D-57DD88FAB779</targetEntity>
<transferable>true</transferable>
<deleteRule>NO ACTION</deleteRule>
</Relation>
