<?xml version = '1.0' encoding = 'UTF-8'?>
<Relation class="oracle.dbtools.crest.model.design.logical.Relation" name="owner_pet" directorySegmentName="seg_0" id="5E616A41-46B5-CF13-47C3-1D2CD0F12F88">
<createdBy>rissten</createdBy>
<createdTime>2023-09-12 07:43:02 UTC</createdTime>
<ownerDesignName>pet_first_oracle_model</ownerDesignName>
<engineerTo>
<item key="EB5B8F44-056F-A85D-4F8B-CFA53882E368" value="true"/>
</engineerTo>
<sourcePk>486B836C-BCAD-0293-F8DA-5069BF175C0F</sourcePk>
<identifying>false</identifying>
<nameOnSource>owns</nameOnSource>
<nameOnTarget> </nameOnTarget>
<optionalSource>false</optionalSource>
<optionalTarget>false</optionalTarget>
<sourceCardinality>1</sourceCardinality>
<sourceEntity>C7825A8C-E8BD-D991-4FCB-DA6B2B099BFB</sourceEntity>
<targetCardinalityString>*</targetCardinalityString>
<targetEntity>D6449112-B3B4-9E23-76A1-C096EB609547</targetEntity>
<transferable>true</transferable>
<deleteRule>NO ACTION</deleteRule>
</Relation>
