<?xml version = '1.0' encoding = 'UTF-8'?>
<Relation class="oracle.dbtools.crest.model.design.logical.Relation" name="vet_training" directorySegmentName="seg_0" id="812F83C1-EC7E-3FAD-5E3F-309F932AA134">
<createdBy>jinxu</createdBy>
<createdTime>2023-09-08 08:03:14 UTC</createdTime>
<ownerDesignName>pet_first_oracle_model</ownerDesignName>
<engineerTo>
<item key="EB5B8F44-056F-A85D-4F8B-CFA53882E368" value="true"/>
</engineerTo>
<sourcePk>77D794F7-26BB-5B19-53E8-1738C876B8D1</sourcePk>
<identifying>false</identifying>
<nameOnSource>conducts</nameOnSource>
<nameOnTarget> </nameOnTarget>
<optionalSource>true</optionalSource>
<optionalTarget>false</optionalTarget>
<sourceCardinality>1</sourceCardinality>
<sourceEntity>8C78B0BD-0A01-7B6D-6869-DBACD5F58EFC</sourceEntity>
<targetCardinalityString>*</targetCardinalityString>
<targetEntity>B154737A-7F5B-1E97-E074-6E41E356763D</targetEntity>
<transferable>true</transferable>
<deleteRule>NO ACTION</deleteRule>
</Relation>
