<?xml version = '1.0' encoding = 'UTF-8'?>
<Relation class="oracle.dbtools.crest.model.design.logical.Relation" name="clinic_visit" directorySegmentName="seg_0" id="9A4C9A6A-1ACF-241D-650C-A5F162395F94">
<createdBy>Sachin</createdBy>
<createdTime>2023-09-08 07:35:12 UTC</createdTime>
<ownerDesignName>pet_first_oracle_model</ownerDesignName>
<engineerTo>
<item key="EB5B8F44-056F-A85D-4F8B-CFA53882E368" value="true"/>
</engineerTo>
<sourcePk>2BD1AB51-E222-DF9B-C85E-7503C5EB9290</sourcePk>
<identifying>false</identifying>
<nameOnSource>has</nameOnSource>
<nameOnTarget> </nameOnTarget>
<optionalSource>true</optionalSource>
<optionalTarget>false</optionalTarget>
<sourceCardinality>1</sourceCardinality>
<sourceEntity>69ADDA9C-4C1F-7851-277D-57DD88FAB779</sourceEntity>
<targetCardinalityString>*</targetCardinalityString>
<targetEntity>48C58B7B-06FB-3172-B6B9-4DE6DD375D4A</targetEntity>
<transferable>true</transferable>
<deleteRule>NO ACTION</deleteRule>
</Relation>
