<?xml version = '1.0' encoding = 'UTF-8'?>
<Relation class="oracle.dbtools.crest.model.design.logical.Relation" name="animaltype_pet" directorySegmentName="seg_0" id="D0740021-5CA7-B43B-A32E-93698D6A09E8">
<createdBy>rissten</createdBy>
<createdTime>2023-09-11 13:02:12 UTC</createdTime>
<ownerDesignName>pet_first_oracle_model</ownerDesignName>
<engineerTo>
<item key="EB5B8F44-056F-A85D-4F8B-CFA53882E368" value="true"/>
</engineerTo>
<sourcePk>2A58A93E-DE51-2A41-CA1E-43B9593AD3A5</sourcePk>
<identifying>false</identifying>
<nameOnSource>type_of_animal</nameOnSource>
<nameOnTarget> </nameOnTarget>
<optionalSource>false</optionalSource>
<optionalTarget>false</optionalTarget>
<sourceCardinality>1</sourceCardinality>
<sourceEntity>A91F1B3D-0B97-ADD4-D44F-3916ACE98D77</sourceEntity>
<targetCardinalityString>*</targetCardinalityString>
<targetEntity>D6449112-B3B4-9E23-76A1-C096EB609547</targetEntity>
<transferable>true</transferable>
<deleteRule>NO ACTION</deleteRule>
</Relation>
