<?xml version = '1.0' encoding = 'UTF-8'?>
<Relation class="oracle.dbtools.crest.model.design.logical.Relation" name="visit_service_acc" directorySegmentName="seg_0" id="D0958703-9E37-B00A-1622-CDEE2E94C02C">
<createdBy>jinxu</createdBy>
<createdTime>2023-09-08 07:54:38 UTC</createdTime>
<ownerDesignName>pet_first_oracle_model</ownerDesignName>
<engineerTo>
<item key="EB5B8F44-056F-A85D-4F8B-CFA53882E368" value="true"/>
</engineerTo>
<sourcePk>984CB9B2-1940-78E3-C9E4-06C12E374C7F</sourcePk>
<identifying>false</identifying>
<nameOnSource>is_used_in</nameOnSource>
<nameOnTarget> </nameOnTarget>
<optionalSource>false</optionalSource>
<optionalTarget>false</optionalTarget>
<sourceCardinality>1</sourceCardinality>
<sourceEntity>48C58B7B-06FB-3172-B6B9-4DE6DD375D4A</sourceEntity>
<targetCardinalityString>*</targetCardinalityString>
<targetEntity>20378F1C-7E7C-69C0-3B1E-B9A63DF02DCF</targetEntity>
<transferable>true</transferable>
<deleteRule>NO ACTION</deleteRule>
</Relation>
