<?xml version = '1.0' encoding = 'UTF-8'?>
<Relation class="oracle.dbtools.crest.model.design.logical.Relation" name="visit_followup" directorySegmentName="seg_0" id="D6777462-6697-D52C-B849-CEF245EA7E93">
<createdBy>Sachin</createdBy>
<createdTime>2023-09-10 03:54:43 UTC</createdTime>
<ownerDesignName>pet_first_oracle_model</ownerDesignName>
<engineerTo>
<item key="EB5B8F44-056F-A85D-4F8B-CFA53882E368" value="true"/>
</engineerTo>
<targetPk>984CB9B2-1940-78E3-C9E4-06C12E374C7F</targetPk>
<identifying>false</identifying>
<nameOnSource>follow_up</nameOnSource>
<nameOnTarget> </nameOnTarget>
<optionalSource>true</optionalSource>
<optionalTarget>true</optionalTarget>
<sourceCardinality>1</sourceCardinality>
<sourceEntity>48C58B7B-06FB-3172-B6B9-4DE6DD375D4A</sourceEntity>
<targetCardinalityString>*</targetCardinalityString>
<targetEntity>48C58B7B-06FB-3172-B6B9-4DE6DD375D4A</targetEntity>
<transferable>true</transferable>
<deleteRule>NO ACTION</deleteRule>
</Relation>
