<?xml version = '1.0' encoding = 'UTF-8'?>
<Relation class="oracle.dbtools.crest.model.design.logical.Relation" name="clinic_training" directorySegmentName="seg_0" id="F613225B-FA71-6CE8-AAD9-97EB809F0818">
<createdBy>Sachin</createdBy>
<createdTime>2023-09-08 07:43:48 UTC</createdTime>
<ownerDesignName>pet_first_oracle_model</ownerDesignName>
<engineerTo>
<item key="EB5B8F44-056F-A85D-4F8B-CFA53882E368" value="true"/>
</engineerTo>
<sourcePk>2BD1AB51-E222-DF9B-C85E-7503C5EB9290</sourcePk>
<identifying>false</identifying>
<nameOnSource>conducts</nameOnSource>
<nameOnTarget> </nameOnTarget>
<optionalSource>true</optionalSource>
<optionalTarget>false</optionalTarget>
<sourceCardinality>1</sourceCardinality>
<sourceEntity>69ADDA9C-4C1F-7851-277D-57DD88FAB779</sourceEntity>
<targetCardinalityString>*</targetCardinalityString>
<targetEntity>B154737A-7F5B-1E97-E074-6E41E356763D</targetEntity>
<transferable>true</transferable>
<deleteRule>NO ACTION</deleteRule>
</Relation>
