<?xml version = '1.0' encoding = 'UTF-8'?>
<Entity class="oracle.dbtools.crest.model.design.logical.Entity" directorySegmentName="seg_0" id="20378F1C-7E7C-69C0-3B1E-B9A63DF02DCF" name="SERVICE_ACC">
<createdBy>jinxu</createdBy>
<createdTime>2023-09-08 07:52:09 UTC</createdTime>
<ownerDesignName>pet_first_oracle_model</ownerDesignName>
<engineerTo>
<item key="EB5B8F44-056F-A85D-4F8B-CFA53882E368" value="true"/>
</engineerTo>
<adequatelyNormalized>NO</adequatelyNormalized>
<expectedVolumes>0</expectedVolumes>
<fwdEngineeringStrategyName>Single Table</fwdEngineeringStrategyName>
<growthPercent>0</growthPercent>
<growthType>Year</growthType>
<maxVolumes>9999999</maxVolumes>
<minVolumes>0</minVolumes>
<normalForm>Third</normalForm>
<attributes itemClass="oracle.dbtools.crest.model.design.logical.Attribute">
<Attribute name="service_acc_id" id="247F7E97-CBEC-85EB-6C99-746A6BD1BAD6">
<createdBy>jinxu</createdBy>
<createdTime>2023-09-09 09:51:06 UTC</createdTime>
<commentInRDBMS><![CDATA[the surrogate key for service_acc]]></commentInRDBMS>
<ownerDesignName>pet_first_oracle_model</ownerDesignName>
<engineerTo>
<item key="EB5B8F44-056F-A85D-4F8B-CFA53882E368" value="true"/>
</engineerTo>
<useDomainConstraints>false</useDomainConstraints>
<use>1</use>
<logicalDatatype>LOGDT019</logicalDatatype>
<dataTypePrecision>7</dataTypePrecision>
<ownDataTypeParameters>,7,</ownDataTypeParameters>
</Attribute>
<Attribute name="visit_date_time" id="AAF0ACF2-8FA9-8509-22B4-61B3A130D193">
<createdBy>jinxu</createdBy>
<createdTime>2023-09-08 07:54:38 UTC</createdTime>
<commentInRDBMS><![CDATA[date and time of the visit]]></commentInRDBMS>
<generatorID>D0958703-9E37-B00A-1622-CDEE2E94C02C</generatorID>
<ownerDesignName>pet_first_oracle_model</ownerDesignName>
<engineerTo>
<item key="EB5B8F44-056F-A85D-4F8B-CFA53882E368" value="true"/>
</engineerTo>
<referedAttribute>6C8F93BE-A822-F44E-699B-CE6B22C688D3</referedAttribute>
<useDomainConstraints>false</useDomainConstraints>
<use>1</use>
<logicalDatatype>LOGDT007</logicalDatatype>
<ownDataTypeParameters>,,</ownDataTypeParameters>
</Attribute>
<Attribute name="vet_id" id="AC4AF964-FCF6-9B2F-82D7-34CE91682B71">
<createdBy>jinxu</createdBy>
<createdTime>2023-09-08 07:54:38 UTC</createdTime>
<commentInRDBMS><![CDATA[identification number of vet]]></commentInRDBMS>
<generatorID>D0958703-9E37-B00A-1622-CDEE2E94C02C</generatorID>
<ownerDesignName>pet_first_oracle_model</ownerDesignName>
<engineerTo>
<item key="EB5B8F44-056F-A85D-4F8B-CFA53882E368" value="true"/>
</engineerTo>
<referedAttribute>4DB6A45C-C0C5-29EE-B6DC-8C93631D95E5</referedAttribute>
<useDomainConstraints>false</useDomainConstraints>
<use>1</use>
<logicalDatatype>LOGDT019</logicalDatatype>
<dataTypePrecision>7</dataTypePrecision>
<ownDataTypeParameters>,7,</ownDataTypeParameters>
</Attribute>
<Attribute name="service_code" id="05FF18BA-B2A9-FEDE-FF4D-59DF008748B1">
<createdBy>jinxu</createdBy>
<createdTime>2023-09-08 07:56:37 UTC</createdTime>
<commentInRDBMS><![CDATA[identifier for service]]></commentInRDBMS>
<generatorID>0D997801-4786-22CF-E1AF-EA5777C122A2</generatorID>
<ownerDesignName>pet_first_oracle_model</ownerDesignName>
<engineerTo>
<item key="EB5B8F44-056F-A85D-4F8B-CFA53882E368" value="true"/>
</engineerTo>
<referedAttribute>EFD85CED-4489-8A23-1069-B55C7A2ECF03</referedAttribute>
<useDomainConstraints>false</useDomainConstraints>
<use>1</use>
<logicalDatatype>LOGDT019</logicalDatatype>
<dataTypePrecision>7</dataTypePrecision>
<ownDataTypeParameters>,7,</ownDataTypeParameters>
</Attribute>
<Attribute name="service_acc_linecost" id="5F483E27-A621-62BB-2D36-220A1AFAE7EE">
<createdBy>jinxu</createdBy>
<createdTime>2023-09-08 07:57:16 UTC</createdTime>
<commentInRDBMS><![CDATA[the line cost for service]]></commentInRDBMS>
<ownerDesignName>pet_first_oracle_model</ownerDesignName>
<engineerTo>
<item key="EB5B8F44-056F-A85D-4F8B-CFA53882E368" value="true"/>
</engineerTo>
<useDomainConstraints>false</useDomainConstraints>
<use>1</use>
<logicalDatatype>LOGDT019</logicalDatatype>
<dataTypePrecision>5</dataTypePrecision>
<dataTypeScale>2</dataTypeScale>
<ownDataTypeParameters>,5,2</ownDataTypeParameters>
</Attribute>
</attributes>
<identifiers itemClass="oracle.dbtools.crest.model.design.logical.CandidateKey">
<identifier id="1778B5A4-3E9B-F8AB-6B14-55F15B7C265F" name="SERVICE_ACC PK">
<createdBy>jinxu</createdBy>
<createdTime>2023-09-08 07:54:38 UTC</createdTime>
<ownerDesignName>pet_first_oracle_model</ownerDesignName>
<engineerTo>
<item key="EB5B8F44-056F-A85D-4F8B-CFA53882E368" value="true"/>
</engineerTo>
<pk>true</pk>
<newElementsIDs>247F7E97-CBEC-85EB-6C99-746A6BD1BAD6</newElementsIDs>
<usedAttributes>
<attributeRef>247F7E97-CBEC-85EB-6C99-746A6BD1BAD6</attributeRef>
</usedAttributes>
</identifier>
<identifier id="48C7D978-DC53-D4A6-59FF-F9FE302371AB" name="SERVICE_ACC_NK">
<createdBy>Sachin</createdBy>
<createdTime>2023-09-09 07:10:40 UTC</createdTime>
<ownerDesignName>pet_first_oracle_model</ownerDesignName>
<engineerTo>
<item key="EB5B8F44-056F-A85D-4F8B-CFA53882E368" value="true"/>
</engineerTo>
<newElementsIDs>AAF0ACF2-8FA9-8509-22B4-61B3A130D193,05FF18BA-B2A9-FEDE-FF4D-59DF008748B1,AC4AF964-FCF6-9B2F-82D7-34CE91682B71</newElementsIDs>
<usedAttributes>
<attributeRef>AAF0ACF2-8FA9-8509-22B4-61B3A130D193</attributeRef>
<attributeRef>05FF18BA-B2A9-FEDE-FF4D-59DF008748B1</attributeRef>
<attributeRef>AC4AF964-FCF6-9B2F-82D7-34CE91682B71</attributeRef>
</usedAttributes>
</identifier>
</identifiers>
</Entity>
