<?xml version = '1.0' encoding = 'UTF-8'?>
<Entity class="oracle.dbtools.crest.model.design.logical.Entity" directorySegmentName="seg_0" id="46584662-3862-326D-A730-CF171FEFDD8D" name="PRESCRIBE">
<createdBy>jinxu</createdBy>
<createdTime>2023-09-08 07:51:25 UTC</createdTime>
<ownerDesignName>pet_first_oracle_model</ownerDesignName>
<engineerTo>
<item key="EB5B8F44-056F-A85D-4F8B-CFA53882E368" value="true"/>
</engineerTo>
<adequatelyNormalized>NO</adequatelyNormalized>
<expectedVolumes>0</expectedVolumes>
<fwdEngineeringStrategyName>Single Table</fwdEngineeringStrategyName>
<growthPercent>0</growthPercent>
<growthType>Year</growthType>
<maxVolumes>9999999</maxVolumes>
<minVolumes>0</minVolumes>
<normalForm>Third</normalForm>
<attributes itemClass="oracle.dbtools.crest.model.design.logical.Attribute">
<Attribute name="pres_no" id="1ACFA408-E1E8-3691-17F4-AA086E58E933">
<createdBy>Sachin</createdBy>
<createdTime>2023-09-09 06:48:41 UTC</createdTime>
<commentInRDBMS><![CDATA[Identifier for prescription with respect to surrogate key.]]></commentInRDBMS>
<ownerDesignName>pet_first_oracle_model</ownerDesignName>
<engineerTo>
<item key="EB5B8F44-056F-A85D-4F8B-CFA53882E368" value="true"/>
</engineerTo>
<useDomainConstraints>false</useDomainConstraints>
<use>1</use>
<logicalDatatype>LOGDT019</logicalDatatype>
<dataTypePrecision>7</dataTypePrecision>
<ownDataTypeParameters>,7,</ownDataTypeParameters>
</Attribute>
<Attribute name="visit_date_time" id="76CCC802-E6AE-3CEE-0F63-1A3CA21F62BF">
<createdBy>jinxu</createdBy>
<createdTime>2023-09-08 07:53:19 UTC</createdTime>
<commentInRDBMS><![CDATA[date and time of the visit]]></commentInRDBMS>
<generatorID>6FF2FD65-3DF1-DFC3-2280-AC737D65759E</generatorID>
<ownerDesignName>pet_first_oracle_model</ownerDesignName>
<engineerTo>
<item key="EB5B8F44-056F-A85D-4F8B-CFA53882E368" value="true"/>
</engineerTo>
<referedAttribute>6C8F93BE-A822-F44E-699B-CE6B22C688D3</referedAttribute>
<useDomainConstraints>false</useDomainConstraints>
<use>1</use>
<logicalDatatype>LOGDT007</logicalDatatype>
<ownDataTypeParameters>,,</ownDataTypeParameters>
</Attribute>
<Attribute name="vet_id" id="72515019-10E3-30A8-1A96-E45D038089F2">
<createdBy>jinxu</createdBy>
<createdTime>2023-09-08 07:53:19 UTC</createdTime>
<commentInRDBMS><![CDATA[identification number of vet]]></commentInRDBMS>
<generatorID>6FF2FD65-3DF1-DFC3-2280-AC737D65759E</generatorID>
<ownerDesignName>pet_first_oracle_model</ownerDesignName>
<engineerTo>
<item key="EB5B8F44-056F-A85D-4F8B-CFA53882E368" value="true"/>
</engineerTo>
<referedAttribute>4DB6A45C-C0C5-29EE-B6DC-8C93631D95E5</referedAttribute>
<useDomainConstraints>false</useDomainConstraints>
<use>1</use>
<logicalDatatype>LOGDT019</logicalDatatype>
<dataTypePrecision>7</dataTypePrecision>
<ownDataTypeParameters>,7,</ownDataTypeParameters>
</Attribute>
<Attribute name="drug_id" id="5A11A7A0-590E-F3D5-C9C7-DE4CF001DA43">
<createdBy>jinxu</createdBy>
<createdTime>2023-09-08 07:53:58 UTC</createdTime>
<commentInRDBMS><![CDATA[Identification number for Drug]]></commentInRDBMS>
<generatorID>9835F7B8-B2CB-8A5C-B22D-1BF8ADA7DD05</generatorID>
<ownerDesignName>pet_first_oracle_model</ownerDesignName>
<engineerTo>
<item key="EB5B8F44-056F-A85D-4F8B-CFA53882E368" value="true"/>
</engineerTo>
<referedAttribute>80A7A503-93EC-7367-A76B-C6F824DFC4C0</referedAttribute>
<useDomainConstraints>false</useDomainConstraints>
<use>1</use>
<logicalDatatype>LOGDT019</logicalDatatype>
<dataTypePrecision>7</dataTypePrecision>
<ownDataTypeParameters>,,</ownDataTypeParameters>
</Attribute>
<Attribute name="pres_drug_dose" id="4C6E1E0D-1E91-3E33-8D82-54012D4B280F">
<createdBy>jinxu</createdBy>
<createdTime>2023-09-08 07:58:14 UTC</createdTime>
<commentInRDBMS><![CDATA[the dose of drug]]></commentInRDBMS>
<ownerDesignName>pet_first_oracle_model</ownerDesignName>
<engineerTo>
<item key="EB5B8F44-056F-A85D-4F8B-CFA53882E368" value="true"/>
</engineerTo>
<useDomainConstraints>false</useDomainConstraints>
<use>1</use>
<logicalDatatype>LOGDT024</logicalDatatype>
<dataTypeSize>10</dataTypeSize>
<ownDataTypeParameters>10,,</ownDataTypeParameters>
</Attribute>
<Attribute name="pres_drug_frequency" id="04E5ECE5-CB2B-2CBB-F097-DFABE6467D71">
<createdBy>jinxu</createdBy>
<createdTime>2023-09-08 07:58:40 UTC</createdTime>
<commentInRDBMS><![CDATA[the frequency of drug]]></commentInRDBMS>
<ownerDesignName>pet_first_oracle_model</ownerDesignName>
<engineerTo>
<item key="EB5B8F44-056F-A85D-4F8B-CFA53882E368" value="true"/>
</engineerTo>
<useDomainConstraints>false</useDomainConstraints>
<use>1</use>
<logicalDatatype>LOGDT024</logicalDatatype>
<dataTypeSize>15</dataTypeSize>
<ownDataTypeParameters>15,,</ownDataTypeParameters>
</Attribute>
<Attribute name="pres_drug_qtysupplied" id="C37C82A6-F6C2-8244-24B8-956926745491">
<createdBy>jinxu</createdBy>
<createdTime>2023-09-08 07:59:24 UTC</createdTime>
<commentInRDBMS><![CDATA[the quantity supplied of drug]]></commentInRDBMS>
<ownerDesignName>pet_first_oracle_model</ownerDesignName>
<engineerTo>
<item key="EB5B8F44-056F-A85D-4F8B-CFA53882E368" value="true"/>
</engineerTo>
<useDomainConstraints>false</useDomainConstraints>
<use>1</use>
<logicalDatatype>LOGDT019</logicalDatatype>
<dataTypePrecision>3</dataTypePrecision>
<ownDataTypeParameters>,3,</ownDataTypeParameters>
</Attribute>
<Attribute name="pres_drug_linecost" id="6177B383-3A28-04C5-EF0B-4A9C9FD8FDDC">
<createdBy>jinxu</createdBy>
<createdTime>2023-09-08 08:01:07 UTC</createdTime>
<commentInRDBMS><![CDATA[the line cost of drug]]></commentInRDBMS>
<ownerDesignName>pet_first_oracle_model</ownerDesignName>
<engineerTo>
<item key="EB5B8F44-056F-A85D-4F8B-CFA53882E368" value="true"/>
</engineerTo>
<useDomainConstraints>false</useDomainConstraints>
<use>1</use>
<logicalDatatype>LOGDT019</logicalDatatype>
<dataTypePrecision>5</dataTypePrecision>
<dataTypeScale>3</dataTypeScale>
<ownDataTypeParameters>,5,3</ownDataTypeParameters>
</Attribute>
</attributes>
<identifiers itemClass="oracle.dbtools.crest.model.design.logical.CandidateKey">
<identifier id="11077D6A-515B-3A87-6F65-3AE7EE405844" name="PRESCRIBE PK">
<createdBy>jinxu</createdBy>
<createdTime>2023-09-08 07:53:19 UTC</createdTime>
<ownerDesignName>pet_first_oracle_model</ownerDesignName>
<engineerTo>
<item key="EB5B8F44-056F-A85D-4F8B-CFA53882E368" value="true"/>
</engineerTo>
<pk>true</pk>
<newElementsIDs>1ACFA408-E1E8-3691-17F4-AA086E58E933</newElementsIDs>
<usedAttributes>
<attributeRef>1ACFA408-E1E8-3691-17F4-AA086E58E933</attributeRef>
</usedAttributes>
</identifier>
<identifier id="D36BF9B5-13D8-6055-535F-47AEB55EA48C" name="PRESCRIBE_NK">
<createdBy>Sachin</createdBy>
<createdTime>2023-09-09 06:51:51 UTC</createdTime>
<ownerDesignName>pet_first_oracle_model</ownerDesignName>
<engineerTo>
<item key="EB5B8F44-056F-A85D-4F8B-CFA53882E368" value="true"/>
</engineerTo>
<newElementsIDs>6FF2FD65-3DF1-DFC3-2280-AC737D65759E,9835F7B8-B2CB-8A5C-B22D-1BF8ADA7DD05</newElementsIDs>
<usedAttributes>
<attributeRef>76CCC802-E6AE-3CEE-0F63-1A3CA21F62BF</attributeRef>
<attributeRef>72515019-10E3-30A8-1A96-E45D038089F2</attributeRef>
<attributeRef>5A11A7A0-590E-F3D5-C9C7-DE4CF001DA43</attributeRef>
</usedAttributes>
</identifier>
</identifiers>
</Entity>
