<?xml version = '1.0' encoding = 'UTF-8'?>
<Entity class="oracle.dbtools.crest.model.design.logical.Entity" directorySegmentName="seg_0" id="48C58B7B-06FB-3172-B6B9-4DE6DD375D4A" name="VISIT">
<createdBy>rissten</createdBy>
<createdTime>2023-09-08 06:57:16 UTC</createdTime>
<ownerDesignName>pet_first_oracle_model</ownerDesignName>
<engineerTo>
<item key="EB5B8F44-056F-A85D-4F8B-CFA53882E368" value="true"/>
</engineerTo>
<adequatelyNormalized>NO</adequatelyNormalized>
<expectedVolumes>0</expectedVolumes>
<fwdEngineeringStrategyName>Single Table</fwdEngineeringStrategyName>
<growthPercent>0</growthPercent>
<growthType>Year</growthType>
<maxVolumes>9999999</maxVolumes>
<minVolumes>0</minVolumes>
<normalForm>Third</normalForm>
<attributes itemClass="oracle.dbtools.crest.model.design.logical.Attribute">
<Attribute name="visit_date_time" id="6C8F93BE-A822-F44E-699B-CE6B22C688D3">
<createdBy>rissten</createdBy>
<createdTime>2023-09-08 06:57:25 UTC</createdTime>
<commentInRDBMS><![CDATA[date and time of the visit]]></commentInRDBMS>
<ownerDesignName>pet_first_oracle_model</ownerDesignName>
<engineerTo>
<item key="EB5B8F44-056F-A85D-4F8B-CFA53882E368" value="true"/>
</engineerTo>
<useDomainConstraints>false</useDomainConstraints>
<use>1</use>
<logicalDatatype>LOGDT007</logicalDatatype>
<ownDataTypeParameters>,,</ownDataTypeParameters>
</Attribute>
<Attribute name="vet_id" id="4DB6A45C-C0C5-29EE-B6DC-8C93631D95E5">
<createdBy>jinxu</createdBy>
<createdTime>2023-09-08 07:52:41 UTC</createdTime>
<commentInRDBMS><![CDATA[identification number of vet]]></commentInRDBMS>
<generatorID>04D80A70-BB10-213D-EBA3-A1D4491BE5D1</generatorID>
<ownerDesignName>pet_first_oracle_model</ownerDesignName>
<engineerTo>
<item key="EB5B8F44-056F-A85D-4F8B-CFA53882E368" value="true"/>
</engineerTo>
<referedAttribute>DCDC6AB6-1C43-DCB1-42C2-6BFA892CC5F8</referedAttribute>
<useDomainConstraints>false</useDomainConstraints>
<use>1</use>
<logicalDatatype>LOGDT019</logicalDatatype>
<dataTypePrecision>7</dataTypePrecision>
<ownDataTypeParameters>,7,</ownDataTypeParameters>
</Attribute>
<Attribute name="visit_length" id="1B1F637A-22F3-8085-000A-76EFAD9BB7C0">
<createdBy>rissten</createdBy>
<createdTime>2023-09-08 06:57:30 UTC</createdTime>
<commentInRDBMS><![CDATA[length of the visit]]></commentInRDBMS>
<ownerDesignName>pet_first_oracle_model</ownerDesignName>
<engineerTo>
<item key="EB5B8F44-056F-A85D-4F8B-CFA53882E368" value="true"/>
</engineerTo>
<useDomainConstraints>false</useDomainConstraints>
<use>1</use>
<logicalDatatype>LOGDT024</logicalDatatype>
<dataTypeSize>25</dataTypeSize>
<ownDataTypeParameters>25,,</ownDataTypeParameters>
</Attribute>
<Attribute name="visit_pet_note" id="37B38027-C297-BC6F-BBB4-96227D5239F1">
<createdBy>rissten</createdBy>
<createdTime>2023-09-08 06:57:36 UTC</createdTime>
<commentInRDBMS><![CDATA[the note for one pet in a visit]]></commentInRDBMS>
<ownerDesignName>pet_first_oracle_model</ownerDesignName>
<engineerTo>
<item key="EB5B8F44-056F-A85D-4F8B-CFA53882E368" value="true"/>
</engineerTo>
<nullsAllowed>true</nullsAllowed>
<useDomainConstraints>false</useDomainConstraints>
<use>1</use>
<logicalDatatype>LOGDT024</logicalDatatype>
<dataTypeSize>100</dataTypeSize>
<ownDataTypeParameters>100,,</ownDataTypeParameters>
</Attribute>
<Attribute name="visit_pet_weight" id="925E2AB1-4FFD-909E-2F2F-DF831AEF3EA2">
<createdBy>rissten</createdBy>
<createdTime>2023-09-08 06:57:47 UTC</createdTime>
<commentInRDBMS><![CDATA[weight of the pet in the visit]]></commentInRDBMS>
<ownerDesignName>pet_first_oracle_model</ownerDesignName>
<engineerTo>
<item key="EB5B8F44-056F-A85D-4F8B-CFA53882E368" value="true"/>
</engineerTo>
<useDomainConstraints>false</useDomainConstraints>
<use>1</use>
<logicalDatatype>LOGDT019</logicalDatatype>
<dataTypePrecision>3</dataTypePrecision>
<dataTypeScale>1</dataTypeScale>
<ownDataTypeParameters>,3,1</ownDataTypeParameters>
</Attribute>
<Attribute name="visit_total_cost" id="AC141346-93DD-945E-8BA7-423E219D6343">
<createdBy>rissten</createdBy>
<createdTime>2023-09-08 06:57:56 UTC</createdTime>
<commentInRDBMS><![CDATA[total cost of visit]]></commentInRDBMS>
<ownerDesignName>pet_first_oracle_model</ownerDesignName>
<engineerTo>
<item key="EB5B8F44-056F-A85D-4F8B-CFA53882E368" value="true"/>
</engineerTo>
<useDomainConstraints>false</useDomainConstraints>
<use>1</use>
<logicalDatatype>LOGDT019</logicalDatatype>
<dataTypePrecision>5</dataTypePrecision>
<dataTypeScale>2</dataTypeScale>
<ownDataTypeParameters>,5,2</ownDataTypeParameters>
</Attribute>
<Attribute name="visit_paidby" id="B10488DF-5CAA-3B83-E99A-52F41CF47DDB">
<createdBy>rissten</createdBy>
<createdTime>2023-09-12 05:55:03 UTC</createdTime>
<commentInRDBMS><![CDATA[paymethod of the visit]]></commentInRDBMS>
<ownerDesignName>pet_first_oracle_model</ownerDesignName>
<engineerTo>
<item key="EB5B8F44-056F-A85D-4F8B-CFA53882E368" value="true"/>
</engineerTo>
<constraintName>chk_visit_paidby</constraintName>
<useDomainConstraints>false</useDomainConstraints>
<use>1</use>
<logicalDatatype>LOGDT025</logicalDatatype>
<dataTypeSize>4</dataTypeSize>
<listOfValues>
<valueDef value="CASH" description="paid by cash"/>
<valueDef value="EFT" description="electronic funds transfer"/>
</listOfValues>
<ownDataTypeParameters>4,,</ownDataTypeParameters>
</Attribute>
<Attribute name="pet_id" id="3771A963-D1F0-E2A8-D93E-5175298D1C7A">
<createdBy>Sachin</createdBy>
<createdTime>2023-09-08 07:33:38 UTC</createdTime>
<generatorID>28F54200-D43F-9D0A-55AE-333BB5B29E66</generatorID>
<ownerDesignName>pet_first_oracle_model</ownerDesignName>
<engineerTo>
<item key="EB5B8F44-056F-A85D-4F8B-CFA53882E368" value="true"/>
</engineerTo>
<referedAttribute>2C9E8130-57C5-9DF2-A1D3-6158C194B336</referedAttribute>
<useDomainConstraints>false</useDomainConstraints>
<use>1</use>
<logicalDatatype>LOGDT019</logicalDatatype>
<dataTypePrecision>7</dataTypePrecision>
<ownDataTypeParameters>,7,</ownDataTypeParameters>
</Attribute>
<Attribute name="clinic_id" id="C8B58ACA-C4C2-76CA-CF0C-4F3C943CCE6F">
<createdBy>Sachin</createdBy>
<createdTime>2023-09-08 07:35:12 UTC</createdTime>
<commentInRDBMS><![CDATA[identification number of clinic]]></commentInRDBMS>
<generatorID>9A4C9A6A-1ACF-241D-650C-A5F162395F94</generatorID>
<ownerDesignName>pet_first_oracle_model</ownerDesignName>
<engineerTo>
<item key="EB5B8F44-056F-A85D-4F8B-CFA53882E368" value="true"/>
</engineerTo>
<referedAttribute>A7B58729-422D-722C-805E-5ADAC256BF6F</referedAttribute>
<useDomainConstraints>false</useDomainConstraints>
<use>1</use>
<logicalDatatype>LOGDT019</logicalDatatype>
<dataTypePrecision>7</dataTypePrecision>
<ownDataTypeParameters>,7,</ownDataTypeParameters>
</Attribute>
<Attribute name="follow_up_date_time" id="3E13F78B-C142-A769-FFF5-4C9514C2840E">
<createdBy>Sachin</createdBy>
<createdTime>2023-09-10 03:54:43 UTC</createdTime>
<commentInRDBMS><![CDATA[date and time of the visit]]></commentInRDBMS>
<generatorID>D6777462-6697-D52C-B849-CEF245EA7E93</generatorID>
<ownerDesignName>pet_first_oracle_model</ownerDesignName>
<engineerTo>
<item key="EB5B8F44-056F-A85D-4F8B-CFA53882E368" value="true"/>
</engineerTo>
<nullsAllowed>true</nullsAllowed>
<referedAttribute>6C8F93BE-A822-F44E-699B-CE6B22C688D3</referedAttribute>
<useDomainConstraints>false</useDomainConstraints>
<use>1</use>
<logicalDatatype>LOGDT007</logicalDatatype>
<ownDataTypeParameters>,,</ownDataTypeParameters>
</Attribute>
<Attribute name="follow_up_vet_id" id="70B09D89-DD7B-CC49-A86D-084714799278">
<createdBy>Sachin</createdBy>
<createdTime>2023-09-10 03:54:43 UTC</createdTime>
<commentInRDBMS><![CDATA[identification number of vet]]></commentInRDBMS>
<generatorID>D6777462-6697-D52C-B849-CEF245EA7E93</generatorID>
<ownerDesignName>pet_first_oracle_model</ownerDesignName>
<engineerTo>
<item key="EB5B8F44-056F-A85D-4F8B-CFA53882E368" value="true"/>
</engineerTo>
<nullsAllowed>true</nullsAllowed>
<referedAttribute>4DB6A45C-C0C5-29EE-B6DC-8C93631D95E5</referedAttribute>
<useDomainConstraints>false</useDomainConstraints>
<use>1</use>
<logicalDatatype>LOGDT019</logicalDatatype>
<dataTypePrecision>7</dataTypePrecision>
<ownDataTypeParameters>,7,</ownDataTypeParameters>
</Attribute>
</attributes>
<identifiers itemClass="oracle.dbtools.crest.model.design.logical.CandidateKey">
<identifier id="984CB9B2-1940-78E3-C9E4-06C12E374C7F" name="VISIT PK">
<createdBy>rissten</createdBy>
<createdTime>2023-09-08 06:58:12 UTC</createdTime>
<ownerDesignName>pet_first_oracle_model</ownerDesignName>
<engineerTo>
<item key="EB5B8F44-056F-A85D-4F8B-CFA53882E368" value="true"/>
</engineerTo>
<pk>true</pk>
<usedAttributes>
<attributeRef>6C8F93BE-A822-F44E-699B-CE6B22C688D3</attributeRef>
<attributeRef>4DB6A45C-C0C5-29EE-B6DC-8C93631D95E5</attributeRef>
</usedAttributes>
</identifier>
</identifiers>
</Entity>
