<?xml version = '1.0' encoding = 'UTF-8'?>
<Entity class="oracle.dbtools.crest.model.design.logical.Entity" directorySegmentName="seg_0" id="69ADDA9C-4C1F-7851-277D-57DD88FAB779" name="CLINIC">
<createdBy>rissten</createdBy>
<createdTime>2023-09-08 07:08:49 UTC</createdTime>
<ownerDesignName>pet_first_oracle_model</ownerDesignName>
<engineerTo>
<item key="EB5B8F44-056F-A85D-4F8B-CFA53882E368" value="true"/>
</engineerTo>
<adequatelyNormalized>NO</adequatelyNormalized>
<expectedVolumes>0</expectedVolumes>
<fwdEngineeringStrategyName>Single Table</fwdEngineeringStrategyName>
<growthPercent>0</growthPercent>
<growthType>Year</growthType>
<maxVolumes>9999999</maxVolumes>
<minVolumes>0</minVolumes>
<normalForm>Third</normalForm>
<attributes itemClass="oracle.dbtools.crest.model.design.logical.Attribute">
<Attribute name="clinic_id" id="A7B58729-422D-722C-805E-5ADAC256BF6F">
<createdBy>rissten</createdBy>
<createdTime>2023-09-08 07:08:56 UTC</createdTime>
<commentInRDBMS><![CDATA[identification number of clinic]]></commentInRDBMS>
<ownerDesignName>pet_first_oracle_model</ownerDesignName>
<engineerTo>
<item key="EB5B8F44-056F-A85D-4F8B-CFA53882E368" value="true"/>
</engineerTo>
<useDomainConstraints>false</useDomainConstraints>
<use>1</use>
<logicalDatatype>LOGDT019</logicalDatatype>
<dataTypePrecision>7</dataTypePrecision>
<ownDataTypeParameters>,7,</ownDataTypeParameters>
</Attribute>
<Attribute name="clinic_name" id="D0037052-95E2-852F-5B74-FE559134D6ED">
<createdBy>rissten</createdBy>
<createdTime>2023-09-08 07:09:01 UTC</createdTime>
<commentInRDBMS><![CDATA[name of clinic]]></commentInRDBMS>
<ownerDesignName>pet_first_oracle_model</ownerDesignName>
<engineerTo>
<item key="EB5B8F44-056F-A85D-4F8B-CFA53882E368" value="true"/>
</engineerTo>
<useDomainConstraints>false</useDomainConstraints>
<use>1</use>
<logicalDatatype>LOGDT024</logicalDatatype>
<dataTypeSize>25</dataTypeSize>
<ownDataTypeParameters>25,,</ownDataTypeParameters>
</Attribute>
<Attribute name="clinic_address" id="F76B015B-2CA3-6B13-8F73-EAD380195FC1">
<createdBy>rissten</createdBy>
<createdTime>2023-09-08 07:09:04 UTC</createdTime>
<commentInRDBMS><![CDATA[address of clinic]]></commentInRDBMS>
<ownerDesignName>pet_first_oracle_model</ownerDesignName>
<engineerTo>
<item key="EB5B8F44-056F-A85D-4F8B-CFA53882E368" value="true"/>
</engineerTo>
<useDomainConstraints>false</useDomainConstraints>
<use>1</use>
<logicalDatatype>LOGDT024</logicalDatatype>
<dataTypeSize>50</dataTypeSize>
<ownDataTypeParameters>50,,</ownDataTypeParameters>
</Attribute>
<Attribute name="clinic_pho_num" id="BDA98207-FD8B-B308-9623-D640400EF8D7">
<createdBy>rissten</createdBy>
<createdTime>2023-09-08 07:09:08 UTC</createdTime>
<commentInRDBMS><![CDATA[phone number of clinic]]></commentInRDBMS>
<ownerDesignName>pet_first_oracle_model</ownerDesignName>
<engineerTo>
<item key="EB5B8F44-056F-A85D-4F8B-CFA53882E368" value="true"/>
</engineerTo>
<useDomainConstraints>false</useDomainConstraints>
<use>1</use>
<logicalDatatype>LOGDT025</logicalDatatype>
<dataTypeSize>10</dataTypeSize>
<ownDataTypeParameters>10,,</ownDataTypeParameters>
</Attribute>
<Attribute name="vet_id" id="4CF16052-C3B6-91BE-9C3D-64449E5FA002">
<createdBy>rissten</createdBy>
<createdTime>2023-09-09 06:13:26 UTC</createdTime>
<commentInRDBMS><![CDATA[identification number of vet]]></commentInRDBMS>
<generatorID>62021745-B734-49D9-C5BD-63CD48D4599F</generatorID>
<ownerDesignName>pet_first_oracle_model</ownerDesignName>
<engineerTo>
<item key="EB5B8F44-056F-A85D-4F8B-CFA53882E368" value="true"/>
</engineerTo>
<referedAttribute>DCDC6AB6-1C43-DCB1-42C2-6BFA892CC5F8</referedAttribute>
<useDomainConstraints>false</useDomainConstraints>
<use>1</use>
<logicalDatatype>LOGDT019</logicalDatatype>
<dataTypePrecision>7</dataTypePrecision>
<ownDataTypeParameters>,7,</ownDataTypeParameters>
</Attribute>
</attributes>
<identifiers itemClass="oracle.dbtools.crest.model.design.logical.CandidateKey">
<identifier id="2BD1AB51-E222-DF9B-C85E-7503C5EB9290" name="CLINIC PK">
<createdBy>rissten</createdBy>
<createdTime>2023-09-08 07:09:23 UTC</createdTime>
<ownerDesignName>pet_first_oracle_model</ownerDesignName>
<engineerTo>
<item key="EB5B8F44-056F-A85D-4F8B-CFA53882E368" value="true"/>
</engineerTo>
<pk>true</pk>
<usedAttributes>
<attributeRef>A7B58729-422D-722C-805E-5ADAC256BF6F</attributeRef>
</usedAttributes>
</identifier>
</identifiers>
</Entity>
