<?xml version = '1.0' encoding = 'UTF-8'?>
<Entity class="oracle.dbtools.crest.model.design.logical.Entity" directorySegmentName="seg_0" id="987B3705-5D0C-E8AC-7248-BFA2959C5D7D" name="PARTICIPANT">
<createdBy>jinxu</createdBy>
<createdTime>2023-09-08 08:01:45 UTC</createdTime>
<ownerDesignName>pet_first_oracle_model</ownerDesignName>
<engineerTo>
<item key="EB5B8F44-056F-A85D-4F8B-CFA53882E368" value="true"/>
</engineerTo>
<adequatelyNormalized>NO</adequatelyNormalized>
<expectedVolumes>0</expectedVolumes>
<fwdEngineeringStrategyName>Single Table</fwdEngineeringStrategyName>
<growthPercent>0</growthPercent>
<growthType>Year</growthType>
<maxVolumes>9999999</maxVolumes>
<minVolumes>0</minVolumes>
<normalForm>Third</normalForm>
<attributes itemClass="oracle.dbtools.crest.model.design.logical.Attribute">
<Attribute name="partici_vet_id" id="22A8145D-1F25-7536-E007-C00FFB34353B">
<createdBy>jinxu</createdBy>
<createdTime>2023-09-09 09:49:26 UTC</createdTime>
<commentInRDBMS><![CDATA[the id of vet who accepts training ]]></commentInRDBMS>
<ownerDesignName>pet_first_oracle_model</ownerDesignName>
<engineerTo>
<item key="EB5B8F44-056F-A85D-4F8B-CFA53882E368" value="true"/>
</engineerTo>
<useDomainConstraints>false</useDomainConstraints>
<use>1</use>
<logicalDatatype>LOGDT019</logicalDatatype>
<dataTypePrecision>7</dataTypePrecision>
<ownDataTypeParameters>,7,</ownDataTypeParameters>
</Attribute>
<Attribute name="train_id" id="3A1115EB-3DBB-C38D-6B65-BFA3E0F1C61E">
<createdBy>Sachin</createdBy>
<createdTime>2023-09-09 07:14:38 UTC</createdTime>
<commentInRDBMS><![CDATA[identifier for traning ]]></commentInRDBMS>
<generatorID>2216B0EC-5233-D667-321E-601521DEA04A</generatorID>
<ownerDesignName>pet_first_oracle_model</ownerDesignName>
<engineerTo>
<item key="EB5B8F44-056F-A85D-4F8B-CFA53882E368" value="true"/>
</engineerTo>
<referedAttribute>128D0A73-45BB-193C-830F-E012EEDAA8C0</referedAttribute>
<useDomainConstraints>false</useDomainConstraints>
<use>1</use>
<logicalDatatype>LOGDT019</logicalDatatype>
<dataTypePrecision>7</dataTypePrecision>
<ownDataTypeParameters>,,</ownDataTypeParameters>
</Attribute>
<Attribute name="partici_train_complt" id="407CEA22-82B3-66CB-DF12-A90543A3A8F7">
<createdBy>jinxu</createdBy>
<createdTime>2023-09-08 08:04:10 UTC</createdTime>
<commentInRDBMS><![CDATA[completion of training (Y for completed, N for incompleted)]]></commentInRDBMS>
<ownerDesignName>pet_first_oracle_model</ownerDesignName>
<engineerTo>
<item key="EB5B8F44-056F-A85D-4F8B-CFA53882E368" value="true"/>
</engineerTo>
<constraintName>chk_training_completion</constraintName>
<useDomainConstraints>false</useDomainConstraints>
<use>1</use>
<logicalDatatype>LOGDT024</logicalDatatype>
<dataTypeSize>1</dataTypeSize>
<listOfValues>
<valueDef value="N" description="didn&apos;t complete"/>
<valueDef value="Y" description="completed"/>
</listOfValues>
<ownDataTypeParameters>1,,</ownDataTypeParameters>
</Attribute>
<Attribute name="partici_train_expiry" id="BF4B58B6-E4FA-6485-9B16-9E3887D0A304">
<createdBy>jinxu</createdBy>
<createdTime>2023-09-08 08:04:51 UTC</createdTime>
<commentInRDBMS><![CDATA[expiry date for training]]></commentInRDBMS>
<ownerDesignName>pet_first_oracle_model</ownerDesignName>
<engineerTo>
<item key="EB5B8F44-056F-A85D-4F8B-CFA53882E368" value="true"/>
</engineerTo>
<nullsAllowed>true</nullsAllowed>
<useDomainConstraints>false</useDomainConstraints>
<use>1</use>
<logicalDatatype>LOGDT007</logicalDatatype>
<ownDataTypeParameters>,,</ownDataTypeParameters>
</Attribute>
</attributes>
<identifiers itemClass="oracle.dbtools.crest.model.design.logical.CandidateKey">
<identifier id="50D164AC-2BF0-B231-3367-01A97152A169" name="PANTICIPANT PK">
<createdBy>jinxu</createdBy>
<createdTime>2023-09-08 08:02:25 UTC</createdTime>
<ownerDesignName>pet_first_oracle_model</ownerDesignName>
<engineerTo>
<item key="EB5B8F44-056F-A85D-4F8B-CFA53882E368" value="true"/>
</engineerTo>
<pk>true</pk>
<usedAttributes>
<attributeRef>3A1115EB-3DBB-C38D-6B65-BFA3E0F1C61E</attributeRef>
<attributeRef>22A8145D-1F25-7536-E007-C00FFB34353B</attributeRef>
</usedAttributes>
</identifier>
</identifiers>
</Entity>
