<?xml version = '1.0' encoding = 'UTF-8'?>
<Entity class="oracle.dbtools.crest.model.design.logical.Entity" directorySegmentName="seg_0" id="A91F1B3D-0B97-ADD4-D44F-3916ACE98D77" name="PET_TYPE">
<createdBy>rissten</createdBy>
<createdTime>2023-09-11 12:56:22 UTC</createdTime>
<ownerDesignName>pet_first_oracle_model</ownerDesignName>
<engineerTo>
<item key="EB5B8F44-056F-A85D-4F8B-CFA53882E368" value="true"/>
</engineerTo>
<adequatelyNormalized>NO</adequatelyNormalized>
<expectedVolumes>0</expectedVolumes>
<fwdEngineeringStrategyName>Single Table</fwdEngineeringStrategyName>
<growthPercent>0</growthPercent>
<growthType>Year</growthType>
<maxVolumes>9999999</maxVolumes>
<minVolumes>0</minVolumes>
<normalForm>Third</normalForm>
<attributes itemClass="oracle.dbtools.crest.model.design.logical.Attribute">
<Attribute name="pet_type_id" id="405A6E70-2B17-D1BB-2A5C-A1A8252379A9">
<createdBy>rissten</createdBy>
<createdTime>2023-09-11 12:57:32 UTC</createdTime>
<commentInRDBMS><![CDATA[identification of animal type]]></commentInRDBMS>
<ownerDesignName>pet_first_oracle_model</ownerDesignName>
<engineerTo>
<item key="EB5B8F44-056F-A85D-4F8B-CFA53882E368" value="true"/>
</engineerTo>
<useDomainConstraints>false</useDomainConstraints>
<use>1</use>
<logicalDatatype>LOGDT019</logicalDatatype>
<dataTypePrecision>7</dataTypePrecision>
<ownDataTypeParameters>,7,</ownDataTypeParameters>
</Attribute>
<Attribute name="pet_type" id="057F3805-08F2-DFF8-0C94-82AF971AA749">
<createdBy>rissten</createdBy>
<createdTime>2023-09-11 12:59:56 UTC</createdTime>
<commentInRDBMS><![CDATA[animal type]]></commentInRDBMS>
<ownerDesignName>pet_first_oracle_model</ownerDesignName>
<engineerTo>
<item key="EB5B8F44-056F-A85D-4F8B-CFA53882E368" value="true"/>
</engineerTo>
<useDomainConstraints>false</useDomainConstraints>
<use>1</use>
<logicalDatatype>LOGDT024</logicalDatatype>
<dataTypeSize>20</dataTypeSize>
<ownDataTypeParameters>20,,</ownDataTypeParameters>
</Attribute>
</attributes>
<identifiers itemClass="oracle.dbtools.crest.model.design.logical.CandidateKey">
<identifier id="2A58A93E-DE51-2A41-CA1E-43B9593AD3A5" name="ANIMAL_TYPE PK">
<createdBy>rissten</createdBy>
<createdTime>2023-09-11 12:59:46 UTC</createdTime>
<ownerDesignName>pet_first_oracle_model</ownerDesignName>
<engineerTo>
<item key="EB5B8F44-056F-A85D-4F8B-CFA53882E368" value="true"/>
</engineerTo>
<pk>true</pk>
<usedAttributes>
<attributeRef>405A6E70-2B17-D1BB-2A5C-A1A8252379A9</attributeRef>
</usedAttributes>
</identifier>
</identifiers>
</Entity>
