<?xml version = '1.0' encoding = 'UTF-8'?>
<Entity class="oracle.dbtools.crest.model.design.logical.Entity" directorySegmentName="seg_0" id="C7825A8C-E8BD-D991-4FCB-DA6B2B099BFB" name="OWNER">
<createdBy>rissten</createdBy>
<createdTime>2023-09-08 06:45:08 UTC</createdTime>
<ownerDesignName>pet_first_oracle_model</ownerDesignName>
<engineerTo>
<item key="EB5B8F44-056F-A85D-4F8B-CFA53882E368" value="true"/>
</engineerTo>
<adequatelyNormalized>NO</adequatelyNormalized>
<expectedVolumes>0</expectedVolumes>
<fwdEngineeringStrategyName>Single Table</fwdEngineeringStrategyName>
<growthPercent>0</growthPercent>
<growthType>Year</growthType>
<maxVolumes>9999999</maxVolumes>
<minVolumes>0</minVolumes>
<normalForm>Third</normalForm>
<attributes itemClass="oracle.dbtools.crest.model.design.logical.Attribute">
<Attribute name="owner_id" id="239D4000-7D67-7936-06A6-F0F152F41C2B">
<createdBy>rissten</createdBy>
<createdTime>2023-09-08 06:45:23 UTC</createdTime>
<commentInRDBMS><![CDATA[identification number for owner]]></commentInRDBMS>
<ownerDesignName>pet_first_oracle_model</ownerDesignName>
<engineerTo>
<item key="EB5B8F44-056F-A85D-4F8B-CFA53882E368" value="true"/>
</engineerTo>
<useDomainConstraints>false</useDomainConstraints>
<use>1</use>
<logicalDatatype>LOGDT019</logicalDatatype>
<dataTypePrecision>7</dataTypePrecision>
<ownDataTypeParameters>,7,</ownDataTypeParameters>
</Attribute>
<Attribute name="owner_givname" id="C31E5345-DBBE-8427-98BA-8F6B9DB2A6EA">
<createdBy>rissten</createdBy>
<createdTime>2023-09-08 06:45:29 UTC</createdTime>
<commentInRDBMS><![CDATA[owner's given name]]></commentInRDBMS>
<ownerDesignName>pet_first_oracle_model</ownerDesignName>
<engineerTo>
<item key="EB5B8F44-056F-A85D-4F8B-CFA53882E368" value="true"/>
</engineerTo>
<nullsAllowed>true</nullsAllowed>
<useDomainConstraints>false</useDomainConstraints>
<use>1</use>
<logicalDatatype>LOGDT024</logicalDatatype>
<dataTypeSize>25</dataTypeSize>
<ownDataTypeParameters>25,,</ownDataTypeParameters>
</Attribute>
<Attribute name="owner_famname" id="796213BB-2571-01DC-09EF-FED252E60A84">
<createdBy>rissten</createdBy>
<createdTime>2023-09-08 06:45:37 UTC</createdTime>
<commentInRDBMS><![CDATA[owner's family name]]></commentInRDBMS>
<ownerDesignName>pet_first_oracle_model</ownerDesignName>
<engineerTo>
<item key="EB5B8F44-056F-A85D-4F8B-CFA53882E368" value="true"/>
</engineerTo>
<nullsAllowed>true</nullsAllowed>
<useDomainConstraints>false</useDomainConstraints>
<use>1</use>
<logicalDatatype>LOGDT024</logicalDatatype>
<dataTypeSize>25</dataTypeSize>
<ownDataTypeParameters>25,,</ownDataTypeParameters>
</Attribute>
<Attribute name="owner_cont_num" id="A91029EA-7730-947B-1501-3B8B0AB61429">
<createdBy>rissten</createdBy>
<createdTime>2023-09-08 06:45:45 UTC</createdTime>
<commentInRDBMS><![CDATA[owner's contact number]]></commentInRDBMS>
<ownerDesignName>pet_first_oracle_model</ownerDesignName>
<engineerTo>
<item key="EB5B8F44-056F-A85D-4F8B-CFA53882E368" value="true"/>
</engineerTo>
<useDomainConstraints>false</useDomainConstraints>
<use>1</use>
<logicalDatatype>LOGDT025</logicalDatatype>
<dataTypeSize>10</dataTypeSize>
<ownDataTypeParameters>10,,</ownDataTypeParameters>
</Attribute>
</attributes>
<identifiers itemClass="oracle.dbtools.crest.model.design.logical.CandidateKey">
<identifier id="486B836C-BCAD-0293-F8DA-5069BF175C0F" name="OWNER PK">
<createdBy>rissten</createdBy>
<createdTime>2023-09-08 06:46:02 UTC</createdTime>
<ownerDesignName>pet_first_oracle_model</ownerDesignName>
<engineerTo>
<item key="EB5B8F44-056F-A85D-4F8B-CFA53882E368" value="true"/>
</engineerTo>
<pk>true</pk>
<usedAttributes>
<attributeRef>239D4000-7D67-7936-06A6-F0F152F41C2B</attributeRef>
</usedAttributes>
</identifier>
</identifiers>
</Entity>
