<?xml version = '1.0' encoding = 'UTF-8'?>
<Entity class="oracle.dbtools.crest.model.design.logical.Entity" directorySegmentName="seg_0" id="D251D8DB-A943-06D1-0D43-B0E222BA3F30" name="DRUG">
<createdBy>Sachin</createdBy>
<createdTime>2023-09-08 07:26:14 UTC</createdTime>
<ownerDesignName>pet_first_oracle_model</ownerDesignName>
<engineerTo>
<item key="EB5B8F44-056F-A85D-4F8B-CFA53882E368" value="true"/>
</engineerTo>
<adequatelyNormalized>NO</adequatelyNormalized>
<expectedVolumes>0</expectedVolumes>
<fwdEngineeringStrategyName>Single Table</fwdEngineeringStrategyName>
<growthPercent>0</growthPercent>
<growthType>Year</growthType>
<maxVolumes>9999999</maxVolumes>
<minVolumes>0</minVolumes>
<normalForm>Third</normalForm>
<attributes itemClass="oracle.dbtools.crest.model.design.logical.Attribute">
<Attribute name="drug_id" id="80A7A503-93EC-7367-A76B-C6F824DFC4C0">
<createdBy>Sachin</createdBy>
<createdTime>2023-09-08 07:26:19 UTC</createdTime>
<commentInRDBMS><![CDATA[Identification number for Drug]]></commentInRDBMS>
<ownerDesignName>pet_first_oracle_model</ownerDesignName>
<engineerTo>
<item key="EB5B8F44-056F-A85D-4F8B-CFA53882E368" value="true"/>
</engineerTo>
<useDomainConstraints>false</useDomainConstraints>
<use>1</use>
<logicalDatatype>LOGDT019</logicalDatatype>
<dataTypePrecision>7</dataTypePrecision>
<ownDataTypeParameters>,7,</ownDataTypeParameters>
</Attribute>
<Attribute name="drug_name" id="0A10441C-49E7-D8A6-CD1C-60D6C49F9BD4">
<createdBy>Sachin</createdBy>
<createdTime>2023-09-08 07:26:41 UTC</createdTime>
<commentInRDBMS><![CDATA[Name of the Drug]]></commentInRDBMS>
<ownerDesignName>pet_first_oracle_model</ownerDesignName>
<engineerTo>
<item key="EB5B8F44-056F-A85D-4F8B-CFA53882E368" value="true"/>
</engineerTo>
<useDomainConstraints>false</useDomainConstraints>
<use>1</use>
<logicalDatatype>LOGDT024</logicalDatatype>
<dataTypeSize>25</dataTypeSize>
<ownDataTypeParameters>25,,</ownDataTypeParameters>
</Attribute>
<Attribute name="drug_usage" id="31945299-5949-F94C-06E1-2966787A2778">
<createdBy>Sachin</createdBy>
<createdTime>2023-09-08 07:27:06 UTC</createdTime>
<commentInRDBMS><![CDATA[Usage instruction of the drug]]></commentInRDBMS>
<ownerDesignName>pet_first_oracle_model</ownerDesignName>
<engineerTo>
<item key="EB5B8F44-056F-A85D-4F8B-CFA53882E368" value="true"/>
</engineerTo>
<useDomainConstraints>false</useDomainConstraints>
<use>1</use>
<logicalDatatype>LOGDT024</logicalDatatype>
<dataTypeSize>50</dataTypeSize>
<ownDataTypeParameters>50,,</ownDataTypeParameters>
</Attribute>
<Attribute name="drug_standard_price" id="7615085E-0F92-D506-E249-31F0AAE281B6">
<createdBy>Sachin</createdBy>
<createdTime>2023-09-10 03:17:23 UTC</createdTime>
<commentInRDBMS><![CDATA[Fee charged for total qty of drugs. ]]></commentInRDBMS>
<ownerDesignName>pet_first_oracle_model</ownerDesignName>
<engineerTo>
<item key="EB5B8F44-056F-A85D-4F8B-CFA53882E368" value="true"/>
</engineerTo>
<useDomainConstraints>false</useDomainConstraints>
<use>1</use>
<logicalDatatype>LOGDT019</logicalDatatype>
<dataTypePrecision>5</dataTypePrecision>
<dataTypeScale>2</dataTypeScale>
<ownDataTypeParameters>,5,2</ownDataTypeParameters>
</Attribute>
</attributes>
<identifiers itemClass="oracle.dbtools.crest.model.design.logical.CandidateKey">
<identifier id="8126BE9D-6A9F-253D-4CF3-73A35F311A7F" name="DRUG PK">
<createdBy>Sachin</createdBy>
<createdTime>2023-09-08 07:26:27 UTC</createdTime>
<ownerDesignName>pet_first_oracle_model</ownerDesignName>
<engineerTo>
<item key="EB5B8F44-056F-A85D-4F8B-CFA53882E368" value="true"/>
</engineerTo>
<pk>true</pk>
<usedAttributes>
<attributeRef>80A7A503-93EC-7367-A76B-C6F824DFC4C0</attributeRef>
</usedAttributes>
</identifier>
</identifiers>
</Entity>
