<?xml version = '1.0' encoding = 'UTF-8'?>
<Entity class="oracle.dbtools.crest.model.design.logical.Entity" directorySegmentName="seg_0" id="D6449112-B3B4-9E23-76A1-C096EB609547" name="PET">
<createdBy>rissten</createdBy>
<createdTime>2023-09-08 06:51:57 UTC</createdTime>
<ownerDesignName>pet_first_oracle_model</ownerDesignName>
<engineerTo>
<item key="EB5B8F44-056F-A85D-4F8B-CFA53882E368" value="true"/>
</engineerTo>
<adequatelyNormalized>NO</adequatelyNormalized>
<expectedVolumes>0</expectedVolumes>
<fwdEngineeringStrategyName>Single Table</fwdEngineeringStrategyName>
<growthPercent>0</growthPercent>
<growthType>Year</growthType>
<maxVolumes>9999999</maxVolumes>
<minVolumes>0</minVolumes>
<normalForm>Third</normalForm>
<attributes itemClass="oracle.dbtools.crest.model.design.logical.Attribute">
<Attribute name="pet_id" id="2C9E8130-57C5-9DF2-A1D3-6158C194B336">
<createdBy>rissten</createdBy>
<createdTime>2023-09-08 06:52:02 UTC</createdTime>
<commentInRDBMS><![CDATA[identifier of pet]]></commentInRDBMS>
<ownerDesignName>pet_first_oracle_model</ownerDesignName>
<engineerTo>
<item key="EB5B8F44-056F-A85D-4F8B-CFA53882E368" value="true"/>
</engineerTo>
<useDomainConstraints>false</useDomainConstraints>
<use>1</use>
<logicalDatatype>LOGDT019</logicalDatatype>
<dataTypePrecision>7</dataTypePrecision>
<ownDataTypeParameters>,7,</ownDataTypeParameters>
</Attribute>
<Attribute name="pet_name" id="9E5080DB-30FB-80EE-E315-103F3EE6C3AB">
<createdBy>rissten</createdBy>
<createdTime>2023-09-08 06:52:08 UTC</createdTime>
<commentInRDBMS><![CDATA[animal's name]]></commentInRDBMS>
<ownerDesignName>pet_first_oracle_model</ownerDesignName>
<engineerTo>
<item key="EB5B8F44-056F-A85D-4F8B-CFA53882E368" value="true"/>
</engineerTo>
<nullsAllowed>true</nullsAllowed>
<useDomainConstraints>false</useDomainConstraints>
<use>1</use>
<logicalDatatype>LOGDT024</logicalDatatype>
<dataTypeSize>15</dataTypeSize>
<ownDataTypeParameters>15,,</ownDataTypeParameters>
</Attribute>
<Attribute name="pet_year_born" id="405F7938-86B0-15C0-2D3D-CBEEB9DC24CC">
<createdBy>rissten</createdBy>
<createdTime>2023-09-08 06:52:13 UTC</createdTime>
<commentInRDBMS><![CDATA[the year animal borned]]></commentInRDBMS>
<ownerDesignName>pet_first_oracle_model</ownerDesignName>
<engineerTo>
<item key="EB5B8F44-056F-A85D-4F8B-CFA53882E368" value="true"/>
</engineerTo>
<useDomainConstraints>false</useDomainConstraints>
<use>1</use>
<logicalDatatype>LOGDT025</logicalDatatype>
<dataTypeSize>4</dataTypeSize>
<ownDataTypeParameters>4,,</ownDataTypeParameters>
</Attribute>
<Attribute name="pet_life_status" id="A0CD112A-FABF-4F28-D7EF-48A4579EA3A0">
<createdBy>Sachin</createdBy>
<createdTime>2023-09-10 03:31:36 UTC</createdTime>
<commentInRDBMS><![CDATA[Idetifier to check if the animal is Alive or Dead (A/D)]]></commentInRDBMS>
<ownerDesignName>pet_first_oracle_model</ownerDesignName>
<engineerTo>
<item key="EB5B8F44-056F-A85D-4F8B-CFA53882E368" value="true"/>
</engineerTo>
<constraintName>chk_animal_life_status</constraintName>
<useDomainConstraints>false</useDomainConstraints>
<use>1</use>
<logicalDatatype>LOGDT025</logicalDatatype>
<dataTypeSize>1</dataTypeSize>
<listOfValues>
<valueDef value="A" description="Animal is alive"/>
<valueDef value="D" description="Animal is dead"/>
</listOfValues>
<ownDataTypeParameters>1,,</ownDataTypeParameters>
</Attribute>
<Attribute name="pet_type_id" id="FB04ACE7-91DD-63A9-7041-736449DE5E28">
<createdBy>rissten</createdBy>
<createdTime>2023-09-11 13:02:12 UTC</createdTime>
<commentInRDBMS><![CDATA[identification of animal type]]></commentInRDBMS>
<generatorID>D0740021-5CA7-B43B-A32E-93698D6A09E8</generatorID>
<ownerDesignName>pet_first_oracle_model</ownerDesignName>
<engineerTo>
<item key="EB5B8F44-056F-A85D-4F8B-CFA53882E368" value="true"/>
</engineerTo>
<referedAttribute>405A6E70-2B17-D1BB-2A5C-A1A8252379A9</referedAttribute>
<useDomainConstraints>false</useDomainConstraints>
<use>1</use>
<logicalDatatype>LOGDT019</logicalDatatype>
<dataTypePrecision>7</dataTypePrecision>
<ownDataTypeParameters>,7,</ownDataTypeParameters>
</Attribute>
<Attribute name="owner_id" id="65D5901C-8493-1844-D92F-BC895A992A86">
<createdBy>rissten</createdBy>
<createdTime>2023-09-12 07:43:02 UTC</createdTime>
<commentInRDBMS><![CDATA[identification number for owner]]></commentInRDBMS>
<generatorID>5E616A41-46B5-CF13-47C3-1D2CD0F12F88</generatorID>
<ownerDesignName>pet_first_oracle_model</ownerDesignName>
<engineerTo>
<item key="EB5B8F44-056F-A85D-4F8B-CFA53882E368" value="true"/>
</engineerTo>
<referedAttribute>239D4000-7D67-7936-06A6-F0F152F41C2B</referedAttribute>
<useDomainConstraints>false</useDomainConstraints>
<use>1</use>
<logicalDatatype>LOGDT019</logicalDatatype>
<dataTypePrecision>7</dataTypePrecision>
<ownDataTypeParameters>,,</ownDataTypeParameters>
</Attribute>
</attributes>
<identifiers itemClass="oracle.dbtools.crest.model.design.logical.CandidateKey">
<identifier id="3E44871A-B134-38C0-A83F-5E43CBE58C35" name="PET PK">
<createdBy>rissten</createdBy>
<createdTime>2023-09-08 06:52:38 UTC</createdTime>
<ownerDesignName>pet_first_oracle_model</ownerDesignName>
<engineerTo>
<item key="EB5B8F44-056F-A85D-4F8B-CFA53882E368" value="true"/>
</engineerTo>
<pk>true</pk>
<usedAttributes>
<attributeRef>2C9E8130-57C5-9DF2-A1D3-6158C194B336</attributeRef>
</usedAttributes>
</identifier>
</identifiers>
</Entity>
