<?xml version = '1.0' encoding = 'UTF-8'?>
<Entity class="oracle.dbtools.crest.model.design.logical.Entity" directorySegmentName="seg_0" id="D71349C8-CD09-68D9-5E58-EA03A3DCA49D" name="SERVICE">
<createdBy>jinxu</createdBy>
<createdTime>2023-09-08 07:55:06 UTC</createdTime>
<ownerDesignName>pet_first_oracle_model</ownerDesignName>
<engineerTo>
<item key="EB5B8F44-056F-A85D-4F8B-CFA53882E368" value="true"/>
</engineerTo>
<adequatelyNormalized>NO</adequatelyNormalized>
<expectedVolumes>0</expectedVolumes>
<fwdEngineeringStrategyName>Single Table</fwdEngineeringStrategyName>
<growthPercent>0</growthPercent>
<growthType>Year</growthType>
<maxVolumes>9999999</maxVolumes>
<minVolumes>0</minVolumes>
<normalForm>Third</normalForm>
<attributes itemClass="oracle.dbtools.crest.model.design.logical.Attribute">
<Attribute name="service_code" id="EFD85CED-4489-8A23-1069-B55C7A2ECF03">
<createdBy>jinxu</createdBy>
<createdTime>2023-09-08 07:55:14 UTC</createdTime>
<commentInRDBMS><![CDATA[identifier for service]]></commentInRDBMS>
<ownerDesignName>pet_first_oracle_model</ownerDesignName>
<engineerTo>
<item key="EB5B8F44-056F-A85D-4F8B-CFA53882E368" value="true"/>
</engineerTo>
<useDomainConstraints>false</useDomainConstraints>
<use>1</use>
<logicalDatatype>LOGDT019</logicalDatatype>
<dataTypePrecision>7</dataTypePrecision>
<ownDataTypeParameters>,7,</ownDataTypeParameters>
</Attribute>
<Attribute name="service_desc" id="E67EA891-70D4-3910-62D7-B9D4C44C107F">
<createdBy>jinxu</createdBy>
<createdTime>2023-09-08 07:55:41 UTC</createdTime>
<commentInRDBMS><![CDATA[the description of service]]></commentInRDBMS>
<ownerDesignName>pet_first_oracle_model</ownerDesignName>
<engineerTo>
<item key="EB5B8F44-056F-A85D-4F8B-CFA53882E368" value="true"/>
</engineerTo>
<useDomainConstraints>false</useDomainConstraints>
<use>1</use>
<logicalDatatype>LOGDT024</logicalDatatype>
<dataTypeSize>80</dataTypeSize>
<ownDataTypeParameters>80,,</ownDataTypeParameters>
</Attribute>
<Attribute name="service_standard_price" id="1FCA6332-4D42-0F37-7516-D42379C69CC9">
<createdBy>Sachin</createdBy>
<createdTime>2023-09-10 03:14:55 UTC</createdTime>
<commentInRDBMS><![CDATA[Fee charged for provided service.]]></commentInRDBMS>
<ownerDesignName>pet_first_oracle_model</ownerDesignName>
<engineerTo>
<item key="EB5B8F44-056F-A85D-4F8B-CFA53882E368" value="true"/>
</engineerTo>
<useDomainConstraints>false</useDomainConstraints>
<use>1</use>
<logicalDatatype>LOGDT019</logicalDatatype>
<dataTypePrecision>5</dataTypePrecision>
<dataTypeScale>2</dataTypeScale>
<ownDataTypeParameters>,5,2</ownDataTypeParameters>
</Attribute>
</attributes>
<identifiers itemClass="oracle.dbtools.crest.model.design.logical.CandidateKey">
<identifier id="B27D0177-42C8-7DCD-5832-DFE4E2CD8225" name="SERVICE PK">
<createdBy>jinxu</createdBy>
<createdTime>2023-09-08 07:55:29 UTC</createdTime>
<ownerDesignName>pet_first_oracle_model</ownerDesignName>
<engineerTo>
<item key="EB5B8F44-056F-A85D-4F8B-CFA53882E368" value="true"/>
</engineerTo>
<pk>true</pk>
<usedAttributes>
<attributeRef>EFD85CED-4489-8A23-1069-B55C7A2ECF03</attributeRef>
</usedAttributes>
</identifier>
</identifiers>
</Entity>
