<?xml version = '1.0' encoding = 'UTF-8'?>
<Entity class="oracle.dbtools.crest.model.design.logical.Entity" directorySegmentName="seg_0" id="DB86F596-27E4-F597-0150-5C9FC6640380" name="SPECIALISATION">
<createdBy>Sachin</createdBy>
<createdTime>2023-09-11 12:14:01 UTC</createdTime>
<ownerDesignName>pet_first_oracle_model</ownerDesignName>
<engineerTo>
<item key="EB5B8F44-056F-A85D-4F8B-CFA53882E368" value="true"/>
</engineerTo>
<adequatelyNormalized>NO</adequatelyNormalized>
<expectedVolumes>0</expectedVolumes>
<fwdEngineeringStrategyName>Single Table</fwdEngineeringStrategyName>
<growthPercent>0</growthPercent>
<growthType>Year</growthType>
<maxVolumes>9999999</maxVolumes>
<minVolumes>0</minVolumes>
<normalForm>Third</normalForm>
<attributes itemClass="oracle.dbtools.crest.model.design.logical.Attribute">
<Attribute name="spec_id" id="2D151507-B3D5-C76A-EF0B-24BAD4098A77">
<createdBy>Sachin</createdBy>
<createdTime>2023-09-11 12:14:30 UTC</createdTime>
<commentInRDBMS><![CDATA[identifier for vet specialisation ID ]]></commentInRDBMS>
<ownerDesignName>pet_first_oracle_model</ownerDesignName>
<engineerTo>
<item key="EB5B8F44-056F-A85D-4F8B-CFA53882E368" value="true"/>
</engineerTo>
<useDomainConstraints>false</useDomainConstraints>
<use>1</use>
<logicalDatatype>LOGDT019</logicalDatatype>
<dataTypePrecision>7</dataTypePrecision>
<ownDataTypeParameters>,7,</ownDataTypeParameters>
</Attribute>
<Attribute name="spec_name" id="38C6F2A4-21D5-B472-F137-5B151D6C22A2">
<createdBy>Sachin</createdBy>
<createdTime>2023-09-11 12:15:16 UTC</createdTime>
<commentInRDBMS><![CDATA[Newly discovered  specialisation of the vet]]></commentInRDBMS>
<ownerDesignName>pet_first_oracle_model</ownerDesignName>
<engineerTo>
<item key="EB5B8F44-056F-A85D-4F8B-CFA53882E368" value="true"/>
</engineerTo>
<useDomainConstraints>false</useDomainConstraints>
<use>1</use>
<logicalDatatype>LOGDT024</logicalDatatype>
<dataTypeSize>50</dataTypeSize>
<ownDataTypeParameters>50,,</ownDataTypeParameters>
</Attribute>
</attributes>
<identifiers itemClass="oracle.dbtools.crest.model.design.logical.CandidateKey">
<identifier id="07DD7EA1-C420-EFBC-8D64-120D13F90ECF" name="VET_SPECIALISATION PK">
<createdBy>Sachin</createdBy>
<createdTime>2023-09-11 12:16:06 UTC</createdTime>
<ownerDesignName>pet_first_oracle_model</ownerDesignName>
<engineerTo>
<item key="EB5B8F44-056F-A85D-4F8B-CFA53882E368" value="true"/>
</engineerTo>
<pk>true</pk>
<usedAttributes>
<attributeRef>2D151507-B3D5-C76A-EF0B-24BAD4098A77</attributeRef>
</usedAttributes>
</identifier>
</identifiers>
</Entity>
